sample_id,site_id,day,month,year,hh,mm,collected_by,sampling_date,sampling_time,samp_date_time,altitude,latitude,longitude,treatment,batch,submission_date,analysis_date_time,compound,concentration
TR_001,site_a,21,1,2018,13,39,JS,2018-01-21,13H 39M 0S,2018-01-21T19:39:00Z,402,49.909703,-95.021429,Low,batch_1,2018-01-27,30/3/2018 15:30,compound_1,8.899804288951596
TR_001,site_a,21,1,2018,13,39,JS,2018-01-21,13H 39M 0S,2018-01-21T19:39:00Z,402,49.909703,-95.021429,Low,batch_1,2018-01-27,30/3/2018 15:30,compound_2,9.243579875364208
TR_001,site_a,21,1,2018,13,39,JS,2018-01-21,13H 39M 0S,2018-01-21T19:39:00Z,402,49.909703,-95.021429,Low,batch_1,2018-01-27,30/3/2018 15:30,compound_3,18.217597485236745
TR_001,site_a,21,1,2018,13,39,JS,2018-01-21,13H 39M 0S,2018-01-21T19:39:00Z,402,49.909703,-95.021429,Low,batch_1,2018-01-27,30/3/2018 15:30,compound_4,21.634245662285416
TR_001,site_a,21,1,2018,13,39,JS,2018-01-21,13H 39M 0S,2018-01-21T19:39:00Z,402,49.909703,-95.021429,Low,batch_1,2018-01-27,30/3/2018 15:30,compound_5,33.417058863517724
TR_002,site_b,14,1,2018,10,32,JLR,2018-01-14,10H 32M 0S,2018-01-14T16:32:00Z,456,49.913267,-94.987348,Low,batch_1,2018-01-27,30/3/2018 15:30,compound_1,7.977417175502493
TR_002,site_b,14,1,2018,10,32,JLR,2018-01-14,10H 32M 0S,2018-01-14T16:32:00Z,456,49.913267,-94.987348,Low,batch_1,2018-01-27,30/3/2018 15:30,compound_2,10.007272044218215
TR_002,site_b,14,1,2018,10,32,JLR,2018-01-14,10H 32M 0S,2018-01-14T16:32:00Z,456,49.913267,-94.987348,Low,batch_1,2018-01-27,30/3/2018 15:30,compound_3,18.72318378176702
TR_002,site_b,14,1,2018,10,32,JLR,2018-01-14,10H 32M 0S,2018-01-14T16:32:00Z,456,49.913267,-94.987348,Low,batch_1,2018-01-27,30/3/2018 15:30,compound_4,20.76956363188981
TR_002,site_b,14,1,2018,10,32,JLR,2018-01-14,10H 32M 0S,2018-01-14T16:32:00Z,456,49.913267,-94.987348,Low,batch_1,2018-01-27,30/3/2018 15:30,compound_5,33.00977124506435
TR_003,site_c,19,1,2018,17,24,JS,2018-01-19,17H 24M 0S,2018-01-19T23:24:00Z,437,49.900346,-94.820267,Low,batch_1,2018-01-27,30/3/2018 15:30,compound_1,8.660173611154555
TR_003,site_c,19,1,2018,17,24,JS,2018-01-19,17H 24M 0S,2018-01-19T23:24:00Z,437,49.900346,-94.820267,Low,batch_1,2018-01-27,30/3/2018 15:30,compound_2,8.918342953145046
TR_003,site_c,19,1,2018,17,24,JS,2018-01-19,17H 24M 0S,2018-01-19T23:24:00Z,437,49.900346,-94.820267,Low,batch_1,2018-01-27,30/3/2018 15:30,compound_3,19.330293250766967
TR_003,site_c,19,1,2018,17,24,JS,2018-01-19,17H 24M 0S,2018-01-19T23:24:00Z,437,49.900346,-94.820267,Low,batch_1,2018-01-27,30/3/2018 15:30,compound_4,20.18392962186686
TR_003,site_c,19,1,2018,17,24,JS,2018-01-19,17H 24M 0S,2018-01-19T23:24:00Z,437,49.900346,-94.820267,Low,batch_1,2018-01-27,30/3/2018 15:30,compound_5,32.012866210417606
TR_004,site_d,1,1,2018,11,22,JS,2018-01-01,11H 22M 0S,2018-01-01T17:22:00Z,487,49.908709,-94.319547,Medium,batch_1,2018-01-27,30/3/2018 15:30,compound_1,4.521943236410528
TR_004,site_d,1,1,2018,11,22,JS,2018-01-01,11H 22M 0S,2018-01-01T17:22:00Z,487,49.908709,-94.319547,Medium,batch_1,2018-01-27,30/3/2018 15:30,compound_2,4.009852904010623
TR_004,site_d,1,1,2018,11,22,JS,2018-01-01,11H 22M 0S,2018-01-01T17:22:00Z,487,49.908709,-94.319547,Medium,batch_1,2018-01-27,30/3/2018 15:30,compound_3,8.880245156210554
TR_004,site_d,1,1,2018,11,22,JS,2018-01-01,11H 22M 0S,2018-01-01T17:22:00Z,487,49.908709,-94.319547,Medium,batch_1,2018-01-27,30/3/2018 15:30,compound_4,11.413210769330812
TR_004,site_d,1,1,2018,11,22,JS,2018-01-01,11H 22M 0S,2018-01-01T17:22:00Z,487,49.908709,-94.319547,Medium,batch_1,2018-01-27,30/3/2018 15:30,compound_5,17.163030420489665
TR_005,site_e,20,1,2018,14,34,TB,2018-01-20,14H 34M 0S,2018-01-20T20:34:00Z,459,49.904971,-94.483031,Medium,batch_1,2018-01-27,30/3/2018 15:30,compound_1,4.838415625865678
TR_005,site_e,20,1,2018,14,34,TB,2018-01-20,14H 34M 0S,2018-01-20T20:34:00Z,459,49.904971,-94.483031,Medium,batch_1,2018-01-27,30/3/2018 15:30,compound_2,4.177162221033991
TR_005,site_e,20,1,2018,14,34,TB,2018-01-20,14H 34M 0S,2018-01-20T20:34:00Z,459,49.904971,-94.483031,Medium,batch_1,2018-01-27,30/3/2018 15:30,compound_3,8.592358541467242
TR_005,site_e,20,1,2018,14,34,TB,2018-01-20,14H 34M 0S,2018-01-20T20:34:00Z,459,49.904971,-94.483031,Medium,batch_1,2018-01-27,30/3/2018 15:30,compound_4,11.77414368342109
TR_005,site_e,20,1,2018,14,34,TB,2018-01-20,14H 34M 0S,2018-01-20T20:34:00Z,459,49.904971,-94.483031,Medium,batch_1,2018-01-27,30/3/2018 15:30,compound_5,16.928694534252926
TR_006,site_f,19,1,2018,10,23,TB,2018-01-19,10H 23M 0S,2018-01-19T16:23:00Z,446,49.905873,-94.17035,Medium,batch_1,2018-01-27,30/3/2018 15:30,compound_1,4.446163879398483
TR_006,site_f,19,1,2018,10,23,TB,2018-01-19,10H 23M 0S,2018-01-19T16:23:00Z,446,49.905873,-94.17035,Medium,batch_1,2018-01-27,30/3/2018 15:30,compound_2,3.688642666582742
TR_006,site_f,19,1,2018,10,23,TB,2018-01-19,10H 23M 0S,2018-01-19T16:23:00Z,446,49.905873,-94.17035,Medium,batch_1,2018-01-27,30/3/2018 15:30,compound_3,8.971604343013794
TR_006,site_f,19,1,2018,10,23,TB,2018-01-19,10H 23M 0S,2018-01-19T16:23:00Z,446,49.905873,-94.17035,Medium,batch_1,2018-01-27,30/3/2018 15:30,compound_4,9.424597373862671
TR_006,site_f,19,1,2018,10,23,TB,2018-01-19,10H 23M 0S,2018-01-19T16:23:00Z,446,49.905873,-94.17035,Medium,batch_1,2018-01-27,30/3/2018 15:30,compound_5,16.833859289217077
TR_007,site_g,12,1,2018,13,32,JS,2018-01-12,13H 32M 0S,2018-01-12T19:32:00Z,426,49.903229,-95.273824,High,batch_1,2018-01-27,30/3/2018 15:30,compound_1,1.5432247388119498
TR_007,site_g,12,1,2018,13,32,JS,2018-01-12,13H 32M 0S,2018-01-12T19:32:00Z,426,49.903229,-95.273824,High,batch_1,2018-01-27,30/3/2018 15:30,compound_2,2.176922954223839
TR_007,site_g,12,1,2018,13,32,JS,2018-01-12,13H 32M 0S,2018-01-12T19:32:00Z,426,49.903229,-95.273824,High,batch_1,2018-01-27,30/3/2018 15:30,compound_3,0.21656851495600965
TR_007,site_g,12,1,2018,13,32,JS,2018-01-12,13H 32M 0S,2018-01-12T19:32:00Z,426,49.903229,-95.273824,High,batch_1,2018-01-27,30/3/2018 15:30,compound_4,2.04774608117443
TR_007,site_g,12,1,2018,13,32,JS,2018-01-12,13H 32M 0S,2018-01-12T19:32:00Z,426,49.903229,-95.273824,High,batch_1,2018-01-27,30/3/2018 15:30,compound_5,8.492841642997556
TR_008,site_h,10,1,2018,13,32,JLR,2018-01-10,13H 32M 0S,2018-01-10T19:32:00Z,438,49.895662,-94.767816,High,batch_1,2018-01-27,30/3/2018 15:30,compound_1,1.6529023625896662
TR_008,site_h,10,1,2018,13,32,JLR,2018-01-10,13H 32M 0S,2018-01-10T19:32:00Z,438,49.895662,-94.767816,High,batch_1,2018-01-27,30/3/2018 15:30,compound_2,2.023319066624254
TR_008,site_h,10,1,2018,13,32,JLR,2018-01-10,13H 32M 0S,2018-01-10T19:32:00Z,438,49.895662,-94.767816,High,batch_1,2018-01-27,30/3/2018 15:30,compound_3,0.2164322346326333
TR_008,site_h,10,1,2018,13,32,JLR,2018-01-10,13H 32M 0S,2018-01-10T19:32:00Z,438,49.895662,-94.767816,High,batch_1,2018-01-27,30/3/2018 15:30,compound_4,2.396367453957841
TR_008,site_h,10,1,2018,13,32,JLR,2018-01-10,13H 32M 0S,2018-01-10T19:32:00Z,438,49.895662,-94.767816,High,batch_1,2018-01-27,30/3/2018 15:30,compound_5,9.073839495357234
TR_009,site_i,16,1,2018,11,24,JS,2018-01-16,11H 24M 0S,2018-01-16T17:24:00Z,480,49.901893,-94.130647,High,batch_1,2018-01-27,30/3/2018 15:30,compound_1,1.5856614033729193
TR_009,site_i,16,1,2018,11,24,JS,2018-01-16,11H 24M 0S,2018-01-16T17:24:00Z,480,49.901893,-94.130647,High,batch_1,2018-01-27,30/3/2018 15:30,compound_2,2.0761884089956903
TR_009,site_i,16,1,2018,11,24,JS,2018-01-16,11H 24M 0S,2018-01-16T17:24:00Z,480,49.901893,-94.130647,High,batch_1,2018-01-27,30/3/2018 15:30,compound_3,0.21774490929014248
TR_009,site_i,16,1,2018,11,24,JS,2018-01-16,11H 24M 0S,2018-01-16T17:24:00Z,480,49.901893,-94.130647,High,batch_1,2018-01-27,30/3/2018 15:30,compound_4,2.2776039441071028
TR_009,site_i,16,1,2018,11,24,JS,2018-01-16,11H 24M 0S,2018-01-16T17:24:00Z,480,49.901893,-94.130647,High,batch_1,2018-01-27,30/3/2018 15:30,compound_5,8.79609573386739
TR_010,site_a,16,2,2018,12,32,TB,2018-02-16,12H 32M 0S,2018-02-16T18:32:00Z,402,49.909703,-95.021429,Low,batch_1,2018-02-27,30/3/2018 15:30,compound_1,7.831306123381965
TR_010,site_a,16,2,2018,12,32,TB,2018-02-16,12H 32M 0S,2018-02-16T18:32:00Z,402,49.909703,-95.021429,Low,batch_1,2018-02-27,30/3/2018 15:30,compound_2,13.388022125563472
TR_010,site_a,16,2,2018,12,32,TB,2018-02-16,12H 32M 0S,2018-02-16T18:32:00Z,402,49.909703,-95.021429,Low,batch_1,2018-02-27,30/3/2018 15:30,compound_3,18.34635481065394
TR_010,site_a,16,2,2018,12,32,TB,2018-02-16,12H 32M 0S,2018-02-16T18:32:00Z,402,49.909703,-95.021429,Low,batch_1,2018-02-27,30/3/2018 15:30,compound_4,20.06218642277399
TR_010,site_a,16,2,2018,12,32,TB,2018-02-16,12H 32M 0S,2018-02-16T18:32:00Z,402,49.909703,-95.021429,Low,batch_1,2018-02-27,30/3/2018 15:30,compound_5,31.419601006037233
TR_011,site_b,23,2,2018,9,23,TB,2018-02-23,9H 23M 0S,2018-02-23T15:23:00Z,456,49.913267,-94.987348,Low,batch_1,2018-02-27,30/3/2018 15:30,compound_1,7.643323954423287
TR_011,site_b,23,2,2018,9,23,TB,2018-02-23,9H 23M 0S,2018-02-23T15:23:00Z,456,49.913267,-94.987348,Low,batch_1,2018-02-27,30/3/2018 15:30,compound_2,11.125273635783277
TR_011,site_b,23,2,2018,9,23,TB,2018-02-23,9H 23M 0S,2018-02-23T15:23:00Z,456,49.913267,-94.987348,Low,batch_1,2018-02-27,30/3/2018 15:30,compound_3,18.079144036734444
TR_011,site_b,23,2,2018,9,23,TB,2018-02-23,9H 23M 0S,2018-02-23T15:23:00Z,456,49.913267,-94.987348,Low,batch_1,2018-02-27,30/3/2018 15:30,compound_4,21.756522487683643
TR_011,site_b,23,2,2018,9,23,TB,2018-02-23,9H 23M 0S,2018-02-23T15:23:00Z,456,49.913267,-94.987348,Low,batch_1,2018-02-27,30/3/2018 15:30,compound_5,29.608321887388207
TR_012,site_c,11,2,2018,12,34,JS,2018-02-11,12H 34M 0S,2018-02-11T18:34:00Z,437,49.900346,-94.820267,Low,batch_1,2018-02-27,30/3/2018 15:30,compound_1,8.574402267858021
TR_012,site_c,11,2,2018,12,34,JS,2018-02-11,12H 34M 0S,2018-02-11T18:34:00Z,437,49.900346,-94.820267,Low,batch_1,2018-02-27,30/3/2018 15:30,compound_2,12.726817732914704
TR_012,site_c,11,2,2018,12,34,JS,2018-02-11,12H 34M 0S,2018-02-11T18:34:00Z,437,49.900346,-94.820267,Low,batch_1,2018-02-27,30/3/2018 15:30,compound_3,17.387498640179757
TR_012,site_c,11,2,2018,12,34,JS,2018-02-11,12H 34M 0S,2018-02-11T18:34:00Z,437,49.900346,-94.820267,Low,batch_1,2018-02-27,30/3/2018 15:30,compound_4,23.802704631380482
TR_012,site_c,11,2,2018,12,34,JS,2018-02-11,12H 34M 0S,2018-02-11T18:34:00Z,437,49.900346,-94.820267,Low,batch_1,2018-02-27,30/3/2018 15:30,compound_5,30.598464601939604
TR_013,site_d,18,2,2018,10,25,JS,2018-02-18,10H 25M 0S,2018-02-18T16:25:00Z,487,49.908709,-94.319547,Medium,batch_1,2018-02-27,30/3/2018 15:30,compound_1,4.349399418777722
TR_013,site_d,18,2,2018,10,25,JS,2018-02-18,10H 25M 0S,2018-02-18T16:25:00Z,487,49.908709,-94.319547,Medium,batch_1,2018-02-27,30/3/2018 15:30,compound_2,8.739993431255602
TR_013,site_d,18,2,2018,10,25,JS,2018-02-18,10H 25M 0S,2018-02-18T16:25:00Z,487,49.908709,-94.319547,Medium,batch_1,2018-02-27,30/3/2018 15:30,compound_3,7.886891992480075
TR_013,site_d,18,2,2018,10,25,JS,2018-02-18,10H 25M 0S,2018-02-18T16:25:00Z,487,49.908709,-94.319547,Medium,batch_1,2018-02-27,30/3/2018 15:30,compound_4,10.969973243135588
TR_013,site_d,18,2,2018,10,25,JS,2018-02-18,10H 25M 0S,2018-02-18T16:25:00Z,487,49.908709,-94.319547,Medium,batch_1,2018-02-27,30/3/2018 15:30,compound_5,16.79897589532351
TR_014,site_e,20,2,2018,11,33,JS,2018-02-20,11H 33M 0S,2018-02-20T17:33:00Z,459,49.904971,-94.483031,Medium,batch_1,2018-02-27,30/3/2018 15:30,compound_1,3.7572336034993112
TR_014,site_e,20,2,2018,11,33,JS,2018-02-20,11H 33M 0S,2018-02-20T17:33:00Z,459,49.904971,-94.483031,Medium,batch_1,2018-02-27,30/3/2018 15:30,compound_2,8.089359750959188
TR_014,site_e,20,2,2018,11,33,JS,2018-02-20,11H 33M 0S,2018-02-20T17:33:00Z,459,49.904971,-94.483031,Medium,batch_1,2018-02-27,30/3/2018 15:30,compound_3,8.361325576669689
TR_014,site_e,20,2,2018,11,33,JS,2018-02-20,11H 33M 0S,2018-02-20T17:33:00Z,459,49.904971,-94.483031,Medium,batch_1,2018-02-27,30/3/2018 15:30,compound_4,12.768533824233259
TR_014,site_e,20,2,2018,11,33,JS,2018-02-20,11H 33M 0S,2018-02-20T17:33:00Z,459,49.904971,-94.483031,Medium,batch_1,2018-02-27,30/3/2018 15:30,compound_5,15.706219181103071
TR_015,site_f,18,2,2018,7,29,JS,2018-02-18,7H 29M 0S,2018-02-18T13:29:00Z,446,49.905873,-94.17035,Medium,batch_1,2018-02-27,30/3/2018 15:30,compound_1,4.1680437537875346
TR_015,site_f,18,2,2018,7,29,JS,2018-02-18,7H 29M 0S,2018-02-18T13:29:00Z,446,49.905873,-94.17035,Medium,batch_1,2018-02-27,30/3/2018 15:30,compound_2,9.212721372597429
TR_015,site_f,18,2,2018,7,29,JS,2018-02-18,7H 29M 0S,2018-02-18T13:29:00Z,446,49.905873,-94.17035,Medium,batch_1,2018-02-27,30/3/2018 15:30,compound_3,8.63545791310079
TR_015,site_f,18,2,2018,7,29,JS,2018-02-18,7H 29M 0S,2018-02-18T13:29:00Z,446,49.905873,-94.17035,Medium,batch_1,2018-02-27,30/3/2018 15:30,compound_4,11.083159589897056
TR_015,site_f,18,2,2018,7,29,JS,2018-02-18,7H 29M 0S,2018-02-18T13:29:00Z,446,49.905873,-94.17035,Medium,batch_1,2018-02-27,30/3/2018 15:30,compound_5,16.40287701099253
TR_016,site_g,14,2,2018,10,29,JLR,2018-02-14,10H 29M 0S,2018-02-14T16:29:00Z,426,49.903229,-95.273824,High,batch_1,2018-02-27,30/3/2018 15:30,compound_1,1.3697878898297287
TR_016,site_g,14,2,2018,10,29,JLR,2018-02-14,10H 29M 0S,2018-02-14T16:29:00Z,426,49.903229,-95.273824,High,batch_1,2018-02-27,30/3/2018 15:30,compound_2,5.269549530385707
TR_016,site_g,14,2,2018,10,29,JLR,2018-02-14,10H 29M 0S,2018-02-14T16:29:00Z,426,49.903229,-95.273824,High,batch_1,2018-02-27,30/3/2018 15:30,compound_3,0.19966629460855712
TR_016,site_g,14,2,2018,10,29,JLR,2018-02-14,10H 29M 0S,2018-02-14T16:29:00Z,426,49.903229,-95.273824,High,batch_1,2018-02-27,30/3/2018 15:30,compound_4,1.9175143661231036
TR_016,site_g,14,2,2018,10,29,JLR,2018-02-14,10H 29M 0S,2018-02-14T16:29:00Z,426,49.903229,-95.273824,High,batch_1,2018-02-27,30/3/2018 15:30,compound_5,8.0845679816174
TR_017,site_h,18,2,2018,10,28,JLR,2018-02-18,10H 28M 0S,2018-02-18T16:28:00Z,438,49.895662,-94.767816,High,batch_1,2018-02-27,30/3/2018 15:30,compound_1,1.5074287525671806
TR_017,site_h,18,2,2018,10,28,JLR,2018-02-18,10H 28M 0S,2018-02-18T16:28:00Z,438,49.895662,-94.767816,High,batch_1,2018-02-27,30/3/2018 15:30,compound_2,5.046707714690932
TR_017,site_h,18,2,2018,10,28,JLR,2018-02-18,10H 28M 0S,2018-02-18T16:28:00Z,438,49.895662,-94.767816,High,batch_1,2018-02-27,30/3/2018 15:30,compound_3,0.2038651228987429
TR_017,site_h,18,2,2018,10,28,JLR,2018-02-18,10H 28M 0S,2018-02-18T16:28:00Z,438,49.895662,-94.767816,High,batch_1,2018-02-27,30/3/2018 15:30,compound_4,2.1823955549514205
TR_017,site_h,18,2,2018,10,28,JLR,2018-02-18,10H 28M 0S,2018-02-18T16:28:00Z,438,49.895662,-94.767816,High,batch_1,2018-02-27,30/3/2018 15:30,compound_5,8.436082441592653
TR_018,site_i,16,2,2018,9,29,TB,2018-02-16,9H 29M 0S,2018-02-16T15:29:00Z,480,49.901893,-94.130647,High,batch_1,2018-02-27,30/3/2018 15:30,compound_1,1.3303067688310348
TR_018,site_i,16,2,2018,9,29,TB,2018-02-16,9H 29M 0S,2018-02-16T15:29:00Z,480,49.901893,-94.130647,High,batch_1,2018-02-27,30/3/2018 15:30,compound_2,4.818013598868603
TR_018,site_i,16,2,2018,9,29,TB,2018-02-16,9H 29M 0S,2018-02-16T15:29:00Z,480,49.901893,-94.130647,High,batch_1,2018-02-27,30/3/2018 15:30,compound_3,0.2027652251274188
TR_018,site_i,16,2,2018,9,29,TB,2018-02-16,9H 29M 0S,2018-02-16T15:29:00Z,480,49.901893,-94.130647,High,batch_1,2018-02-27,30/3/2018 15:30,compound_4,2.535243020789849
TR_018,site_i,16,2,2018,9,29,TB,2018-02-16,9H 29M 0S,2018-02-16T15:29:00Z,480,49.901893,-94.130647,High,batch_1,2018-02-27,30/3/2018 15:30,compound_5,8.65784011585849
TR_019,site_a,10,3,2018,13,30,JS,2018-03-10,13H 30M 0S,2018-03-10T19:30:00Z,402,49.909703,-95.021429,Low,batch_1,2018-03-27,30/3/2018 15:30,compound_1,9.723364055185133
TR_019,site_a,10,3,2018,13,30,JS,2018-03-10,13H 30M 0S,2018-03-10T19:30:00Z,402,49.909703,-95.021429,Low,batch_1,2018-03-27,30/3/2018 15:30,compound_2,24.70684180970997
TR_019,site_a,10,3,2018,13,30,JS,2018-03-10,13H 30M 0S,2018-03-10T19:30:00Z,402,49.909703,-95.021429,Low,batch_1,2018-03-27,30/3/2018 15:30,compound_3,19.392830417583067
TR_019,site_a,10,3,2018,13,30,JS,2018-03-10,13H 30M 0S,2018-03-10T19:30:00Z,402,49.909703,-95.021429,Low,batch_1,2018-03-27,30/3/2018 15:30,compound_4,24.123453552609433
TR_019,site_a,10,3,2018,13,30,JS,2018-03-10,13H 30M 0S,2018-03-10T19:30:00Z,402,49.909703,-95.021429,Low,batch_1,2018-03-27,30/3/2018 15:30,compound_5,28.115676639658496
TR_020,site_b,10,3,2018,11,31,TB,2018-03-10,11H 31M 0S,2018-03-10T17:31:00Z,456,49.913267,-94.987348,Low,batch_1,2018-03-27,30/3/2018 15:30,compound_1,9.301611315337524
TR_020,site_b,10,3,2018,11,31,TB,2018-03-10,11H 31M 0S,2018-03-10T17:31:00Z,456,49.913267,-94.987348,Low,batch_1,2018-03-27,30/3/2018 15:30,compound_2,24.591495774369545
TR_020,site_b,10,3,2018,11,31,TB,2018-03-10,11H 31M 0S,2018-03-10T17:31:00Z,456,49.913267,-94.987348,Low,batch_1,2018-03-27,30/3/2018 15:30,compound_3,17.823127575944536
TR_020,site_b,10,3,2018,11,31,TB,2018-03-10,11H 31M 0S,2018-03-10T17:31:00Z,456,49.913267,-94.987348,Low,batch_1,2018-03-27,30/3/2018 15:30,compound_4,31.63650989771202
TR_020,site_b,10,3,2018,11,31,TB,2018-03-10,11H 31M 0S,2018-03-10T17:31:00Z,456,49.913267,-94.987348,Low,batch_1,2018-03-27,30/3/2018 15:30,compound_5,28.812201165561074
TR_021,site_c,19,3,2018,14,37,TB,2018-03-19,14H 37M 0S,2018-03-19T19:37:00Z,437,49.900346,-94.820267,Low,batch_1,2018-03-27,30/3/2018 15:30,compound_1,9.896371463808785
TR_021,site_c,19,3,2018,14,37,TB,2018-03-19,14H 37M 0S,2018-03-19T19:37:00Z,437,49.900346,-94.820267,Low,batch_1,2018-03-27,30/3/2018 15:30,compound_2,24.58793982148217
TR_021,site_c,19,3,2018,14,37,TB,2018-03-19,14H 37M 0S,2018-03-19T19:37:00Z,437,49.900346,-94.820267,Low,batch_1,2018-03-27,30/3/2018 15:30,compound_3,19.721501381813095
TR_021,site_c,19,3,2018,14,37,TB,2018-03-19,14H 37M 0S,2018-03-19T19:37:00Z,437,49.900346,-94.820267,Low,batch_1,2018-03-27,30/3/2018 15:30,compound_4,22.583655211564302
TR_021,site_c,19,3,2018,14,37,TB,2018-03-19,14H 37M 0S,2018-03-19T19:37:00Z,437,49.900346,-94.820267,Low,batch_1,2018-03-27,30/3/2018 15:30,compound_5,27.69302249358964
TR_022,site_d,20,3,2018,11,34,TB,2018-03-20,11H 34M 0S,2018-03-20T16:34:00Z,487,49.908709,-94.319547,Medium,batch_1,2018-03-27,30/3/2018 15:30,compound_1,4.8676582452545025
TR_022,site_d,20,3,2018,11,34,TB,2018-03-20,11H 34M 0S,2018-03-20T16:34:00Z,487,49.908709,-94.319547,Medium,batch_1,2018-03-27,30/3/2018 15:30,compound_2,13.959793814472008
TR_022,site_d,20,3,2018,11,34,TB,2018-03-20,11H 34M 0S,2018-03-20T16:34:00Z,487,49.908709,-94.319547,Medium,batch_1,2018-03-27,30/3/2018 15:30,compound_3,8.617677840045033
TR_022,site_d,20,3,2018,11,34,TB,2018-03-20,11H 34M 0S,2018-03-20T16:34:00Z,487,49.908709,-94.319547,Medium,batch_1,2018-03-27,30/3/2018 15:30,compound_4,11.61394303141137
TR_022,site_d,20,3,2018,11,34,TB,2018-03-20,11H 34M 0S,2018-03-20T16:34:00Z,487,49.908709,-94.319547,Medium,batch_1,2018-03-27,30/3/2018 15:30,compound_5,14.962280999279118
TR_023,site_e,6,3,2018,14,32,JLR,2018-03-06,14H 32M 0S,2018-03-06T20:32:00Z,459,49.904971,-94.483031,Medium,batch_1,2018-03-27,30/3/2018 15:30,compound_1,4.9579811952176485
TR_023,site_e,6,3,2018,14,32,JLR,2018-03-06,14H 32M 0S,2018-03-06T20:32:00Z,459,49.904971,-94.483031,Medium,batch_1,2018-03-27,30/3/2018 15:30,compound_2,13.578600532528352
TR_023,site_e,6,3,2018,14,32,JLR,2018-03-06,14H 32M 0S,2018-03-06T20:32:00Z,459,49.904971,-94.483031,Medium,batch_1,2018-03-27,30/3/2018 15:30,compound_3,8.836067016822676
TR_023,site_e,6,3,2018,14,32,JLR,2018-03-06,14H 32M 0S,2018-03-06T20:32:00Z,459,49.904971,-94.483031,Medium,batch_1,2018-03-27,30/3/2018 15:30,compound_4,9.034065925553822
TR_023,site_e,6,3,2018,14,32,JLR,2018-03-06,14H 32M 0S,2018-03-06T20:32:00Z,459,49.904971,-94.483031,Medium,batch_1,2018-03-27,30/3/2018 15:30,compound_5,14.750194524234205
TR_024,site_f,16,3,2018,9,29,JLR,2018-03-16,9H 29M 0S,2018-03-16T14:29:00Z,446,49.905873,-94.17035,Medium,batch_1,2018-03-27,30/3/2018 15:30,compound_1,4.991685750045098
TR_024,site_f,16,3,2018,9,29,JLR,2018-03-16,9H 29M 0S,2018-03-16T14:29:00Z,446,49.905873,-94.17035,Medium,batch_1,2018-03-27,30/3/2018 15:30,compound_2,13.833342899227997
TR_024,site_f,16,3,2018,9,29,JLR,2018-03-16,9H 29M 0S,2018-03-16T14:29:00Z,446,49.905873,-94.17035,Medium,batch_1,2018-03-27,30/3/2018 15:30,compound_3,9.02713248523547
TR_024,site_f,16,3,2018,9,29,JLR,2018-03-16,9H 29M 0S,2018-03-16T14:29:00Z,446,49.905873,-94.17035,Medium,batch_1,2018-03-27,30/3/2018 15:30,compound_4,11.891023959836488
TR_024,site_f,16,3,2018,9,29,JLR,2018-03-16,9H 29M 0S,2018-03-16T14:29:00Z,446,49.905873,-94.17035,Medium,batch_1,2018-03-27,30/3/2018 15:30,compound_5,14.939211364268262
TR_025,site_g,20,3,2018,9,32,TB,2018-03-20,9H 32M 0S,2018-03-20T14:32:00Z,426,49.903229,-95.273824,High,batch_1,2018-03-27,30/3/2018 15:30,compound_1,1.714567441440696
TR_025,site_g,20,3,2018,9,32,TB,2018-03-20,9H 32M 0S,2018-03-20T14:32:00Z,426,49.903229,-95.273824,High,batch_1,2018-03-27,30/3/2018 15:30,compound_2,4.352809293511549
TR_025,site_g,20,3,2018,9,32,TB,2018-03-20,9H 32M 0S,2018-03-20T14:32:00Z,426,49.903229,-95.273824,High,batch_1,2018-03-27,30/3/2018 15:30,compound_3,0.2239761912162738
TR_025,site_g,20,3,2018,9,32,TB,2018-03-20,9H 32M 0S,2018-03-20T14:32:00Z,426,49.903229,-95.273824,High,batch_1,2018-03-27,30/3/2018 15:30,compound_4,2.208500066976829
TR_025,site_g,20,3,2018,9,32,TB,2018-03-20,9H 32M 0S,2018-03-20T14:32:00Z,426,49.903229,-95.273824,High,batch_1,2018-03-27,30/3/2018 15:30,compound_5,7.882976339249248
TR_026,site_h,20,3,2018,12,30,JS,2018-03-20,12H 30M 0S,2018-03-20T17:30:00Z,438,49.895662,-94.767816,High,batch_1,2018-03-27,30/3/2018 15:30,compound_1,1.6456594883330826
TR_026,site_h,20,3,2018,12,30,JS,2018-03-20,12H 30M 0S,2018-03-20T17:30:00Z,438,49.895662,-94.767816,High,batch_1,2018-03-27,30/3/2018 15:30,compound_2,4.519662149129565
TR_026,site_h,20,3,2018,12,30,JS,2018-03-20,12H 30M 0S,2018-03-20T17:30:00Z,438,49.895662,-94.767816,High,batch_1,2018-03-27,30/3/2018 15:30,compound_3,0.2110939482194312
TR_026,site_h,20,3,2018,12,30,JS,2018-03-20,12H 30M 0S,2018-03-20T17:30:00Z,438,49.895662,-94.767816,High,batch_1,2018-03-27,30/3/2018 15:30,compound_4,2.0166949454475813
TR_026,site_h,20,3,2018,12,30,JS,2018-03-20,12H 30M 0S,2018-03-20T17:30:00Z,438,49.895662,-94.767816,High,batch_1,2018-03-27,30/3/2018 15:30,compound_5,7.846048789366266
TR_027,site_i,19,3,2018,13,30,JLR,2018-03-19,13H 30M 0S,2018-03-19T18:30:00Z,480,49.901893,-94.130647,High,batch_1,2018-03-27,30/3/2018 15:30,compound_1,1.6773184608674572
TR_027,site_i,19,3,2018,13,30,JLR,2018-03-19,13H 30M 0S,2018-03-19T18:30:00Z,480,49.901893,-94.130647,High,batch_1,2018-03-27,30/3/2018 15:30,compound_2,4.501922869123312
TR_027,site_i,19,3,2018,13,30,JLR,2018-03-19,13H 30M 0S,2018-03-19T18:30:00Z,480,49.901893,-94.130647,High,batch_1,2018-03-27,30/3/2018 15:30,compound_3,0.20889300389595591
TR_027,site_i,19,3,2018,13,30,JLR,2018-03-19,13H 30M 0S,2018-03-19T18:30:00Z,480,49.901893,-94.130647,High,batch_1,2018-03-27,30/3/2018 15:30,compound_4,2.143967645089845
TR_027,site_i,19,3,2018,13,30,JLR,2018-03-19,13H 30M 0S,2018-03-19T18:30:00Z,480,49.901893,-94.130647,High,batch_1,2018-03-27,30/3/2018 15:30,compound_5,7.671536674741232
TR_028,site_a,25,4,2018,9,27,JLR,2018-04-25,9H 27M 0S,2018-04-25T14:27:00Z,402,49.909703,-95.021429,Low,batch_2,2018-04-27,30/6/2018 15:30,compound_1,11.332678384508322
TR_028,site_a,25,4,2018,9,27,JLR,2018-04-25,9H 27M 0S,2018-04-25T14:27:00Z,402,49.909703,-95.021429,Low,batch_2,2018-04-27,30/6/2018 15:30,compound_2,15.49322959921568
TR_028,site_a,25,4,2018,9,27,JLR,2018-04-25,9H 27M 0S,2018-04-25T14:27:00Z,402,49.909703,-95.021429,Low,batch_2,2018-04-27,30/6/2018 15:30,compound_3,22.2179482833675
TR_028,site_a,25,4,2018,9,27,JLR,2018-04-25,9H 27M 0S,2018-04-25T14:27:00Z,402,49.909703,-95.021429,Low,batch_2,2018-04-27,30/6/2018 15:30,compound_4,18.84829887529892
TR_028,site_a,25,4,2018,9,27,JLR,2018-04-25,9H 27M 0S,2018-04-25T14:27:00Z,402,49.909703,-95.021429,Low,batch_2,2018-04-27,30/6/2018 15:30,compound_5,23.301305040700328
TR_029,site_b,8,4,2018,10,29,TB,2018-04-08,10H 29M 0S,2018-04-08T15:29:00Z,456,49.913267,-94.987348,Low,batch_2,2018-04-27,30/6/2018 15:30,compound_1,12.562977662208981
TR_029,site_b,8,4,2018,10,29,TB,2018-04-08,10H 29M 0S,2018-04-08T15:29:00Z,456,49.913267,-94.987348,Low,batch_2,2018-04-27,30/6/2018 15:30,compound_2,17.758480850392576
TR_029,site_b,8,4,2018,10,29,TB,2018-04-08,10H 29M 0S,2018-04-08T15:29:00Z,456,49.913267,-94.987348,Low,batch_2,2018-04-27,30/6/2018 15:30,compound_3,22.32322724268418
TR_029,site_b,8,4,2018,10,29,TB,2018-04-08,10H 29M 0S,2018-04-08T15:29:00Z,456,49.913267,-94.987348,Low,batch_2,2018-04-27,30/6/2018 15:30,compound_4,25.573017661466647
TR_029,site_b,8,4,2018,10,29,TB,2018-04-08,10H 29M 0S,2018-04-08T15:29:00Z,456,49.913267,-94.987348,Low,batch_2,2018-04-27,30/6/2018 15:30,compound_5,24.371045218909952
TR_030,site_c,14,4,2018,13,33,TB,2018-04-14,13H 33M 0S,2018-04-14T18:33:00Z,437,49.900346,-94.820267,Low,batch_2,2018-04-27,30/6/2018 15:30,compound_1,11.567695677751608
TR_030,site_c,14,4,2018,13,33,TB,2018-04-14,13H 33M 0S,2018-04-14T18:33:00Z,437,49.900346,-94.820267,Low,batch_2,2018-04-27,30/6/2018 15:30,compound_2,16.412911568194087
TR_030,site_c,14,4,2018,13,33,TB,2018-04-14,13H 33M 0S,2018-04-14T18:33:00Z,437,49.900346,-94.820267,Low,batch_2,2018-04-27,30/6/2018 15:30,compound_3,21.947838771931462
TR_030,site_c,14,4,2018,13,33,TB,2018-04-14,13H 33M 0S,2018-04-14T18:33:00Z,437,49.900346,-94.820267,Low,batch_2,2018-04-27,30/6/2018 15:30,compound_4,24.337758501211297
TR_030,site_c,14,4,2018,13,33,TB,2018-04-14,13H 33M 0S,2018-04-14T18:33:00Z,437,49.900346,-94.820267,Low,batch_2,2018-04-27,30/6/2018 15:30,compound_5,24.99614480262356
TR_031,site_d,17,4,2018,11,26,TB,2018-04-17,11H 26M 0S,2018-04-17T16:26:00Z,487,49.908709,-94.319547,Medium,batch_2,2018-04-27,30/6/2018 15:30,compound_1,6.507300373501742
TR_031,site_d,17,4,2018,11,26,TB,2018-04-17,11H 26M 0S,2018-04-17T16:26:00Z,487,49.908709,-94.319547,Medium,batch_2,2018-04-27,30/6/2018 15:30,compound_2,7.143710105262049
TR_031,site_d,17,4,2018,11,26,TB,2018-04-17,11H 26M 0S,2018-04-17T16:26:00Z,487,49.908709,-94.319547,Medium,batch_2,2018-04-27,30/6/2018 15:30,compound_3,10.182547327456554
TR_031,site_d,17,4,2018,11,26,TB,2018-04-17,11H 26M 0S,2018-04-17T16:26:00Z,487,49.908709,-94.319547,Medium,batch_2,2018-04-27,30/6/2018 15:30,compound_4,12.134945758427346
TR_031,site_d,17,4,2018,11,26,TB,2018-04-17,11H 26M 0S,2018-04-17T16:26:00Z,487,49.908709,-94.319547,Medium,batch_2,2018-04-27,30/6/2018 15:30,compound_5,12.976702022947297
TR_032,site_e,21,4,2018,8,33,JLR,2018-04-21,8H 33M 0S,2018-04-21T13:33:00Z,459,49.904971,-94.483031,Medium,batch_2,2018-04-27,30/6/2018 15:30,compound_1,6.143883344372275
TR_032,site_e,21,4,2018,8,33,JLR,2018-04-21,8H 33M 0S,2018-04-21T13:33:00Z,459,49.904971,-94.483031,Medium,batch_2,2018-04-27,30/6/2018 15:30,compound_2,7.038710718286795
TR_032,site_e,21,4,2018,8,33,JLR,2018-04-21,8H 33M 0S,2018-04-21T13:33:00Z,459,49.904971,-94.483031,Medium,batch_2,2018-04-27,30/6/2018 15:30,compound_3,10.674097547742505
TR_032,site_e,21,4,2018,8,33,JLR,2018-04-21,8H 33M 0S,2018-04-21T13:33:00Z,459,49.904971,-94.483031,Medium,batch_2,2018-04-27,30/6/2018 15:30,compound_4,11.356415512457536
TR_032,site_e,21,4,2018,8,33,JLR,2018-04-21,8H 33M 0S,2018-04-21T13:33:00Z,459,49.904971,-94.483031,Medium,batch_2,2018-04-27,30/6/2018 15:30,compound_5,13.341753542975278
TR_033,site_f,16,4,2018,12,36,JLR,2018-04-16,12H 36M 0S,2018-04-16T17:36:00Z,446,49.905873,-94.17035,Medium,batch_2,2018-04-27,30/6/2018 15:30,compound_1,6.195725453610918
TR_033,site_f,16,4,2018,12,36,JLR,2018-04-16,12H 36M 0S,2018-04-16T17:36:00Z,446,49.905873,-94.17035,Medium,batch_2,2018-04-27,30/6/2018 15:30,compound_2,7.431808427134745
TR_033,site_f,16,4,2018,12,36,JLR,2018-04-16,12H 36M 0S,2018-04-16T17:36:00Z,446,49.905873,-94.17035,Medium,batch_2,2018-04-27,30/6/2018 15:30,compound_3,10.097787365518972
TR_033,site_f,16,4,2018,12,36,JLR,2018-04-16,12H 36M 0S,2018-04-16T17:36:00Z,446,49.905873,-94.17035,Medium,batch_2,2018-04-27,30/6/2018 15:30,compound_4,10.64628390626071
TR_033,site_f,16,4,2018,12,36,JLR,2018-04-16,12H 36M 0S,2018-04-16T17:36:00Z,446,49.905873,-94.17035,Medium,batch_2,2018-04-27,30/6/2018 15:30,compound_5,13.508441764837851
TR_034,site_g,11,4,2018,14,28,TB,2018-04-11,14H 28M 0S,2018-04-11T19:28:00Z,426,49.903229,-95.273824,High,batch_2,2018-04-27,30/6/2018 15:30,compound_1,2.19279786614919
TR_034,site_g,11,4,2018,14,28,TB,2018-04-11,14H 28M 0S,2018-04-11T19:28:00Z,426,49.903229,-95.273824,High,batch_2,2018-04-27,30/6/2018 15:30,compound_2,2.4300364466513003
TR_034,site_g,11,4,2018,14,28,TB,2018-04-11,14H 28M 0S,2018-04-11T19:28:00Z,426,49.903229,-95.273824,High,batch_2,2018-04-27,30/6/2018 15:30,compound_3,0.24826587060355232
TR_034,site_g,11,4,2018,14,28,TB,2018-04-11,14H 28M 0S,2018-04-11T19:28:00Z,426,49.903229,-95.273824,High,batch_2,2018-04-27,30/6/2018 15:30,compound_4,2.4415080446388084
TR_034,site_g,11,4,2018,14,28,TB,2018-04-11,14H 28M 0S,2018-04-11T19:28:00Z,426,49.903229,-95.273824,High,batch_2,2018-04-27,30/6/2018 15:30,compound_5,6.59571794076586
TR_035,site_h,15,4,2018,13,34,JLR,2018-04-15,13H 34M 0S,2018-04-15T18:34:00Z,438,49.895662,-94.767816,High,batch_2,2018-04-27,30/6/2018 15:30,compound_1,2.1737813238711765
TR_035,site_h,15,4,2018,13,34,JLR,2018-04-15,13H 34M 0S,2018-04-15T18:34:00Z,438,49.895662,-94.767816,High,batch_2,2018-04-27,30/6/2018 15:30,compound_2,2.46151060033251
TR_035,site_h,15,4,2018,13,34,JLR,2018-04-15,13H 34M 0S,2018-04-15T18:34:00Z,438,49.895662,-94.767816,High,batch_2,2018-04-27,30/6/2018 15:30,compound_3,0.2444696074641272
TR_035,site_h,15,4,2018,13,34,JLR,2018-04-15,13H 34M 0S,2018-04-15T18:34:00Z,438,49.895662,-94.767816,High,batch_2,2018-04-27,30/6/2018 15:30,compound_4,2.0644724752376296
TR_035,site_h,15,4,2018,13,34,JLR,2018-04-15,13H 34M 0S,2018-04-15T18:34:00Z,438,49.895662,-94.767816,High,batch_2,2018-04-27,30/6/2018 15:30,compound_5,6.999532118041693
TR_036,site_i,6,4,2018,13,20,JLR,2018-04-06,13H 20M 0S,2018-04-06T18:20:00Z,480,49.901893,-94.130647,High,batch_2,2018-04-27,30/6/2018 15:30,compound_1,2.1923541244066094
TR_036,site_i,6,4,2018,13,20,JLR,2018-04-06,13H 20M 0S,2018-04-06T18:20:00Z,480,49.901893,-94.130647,High,batch_2,2018-04-27,30/6/2018 15:30,compound_2,2.5503701446097904
TR_036,site_i,6,4,2018,13,20,JLR,2018-04-06,13H 20M 0S,2018-04-06T18:20:00Z,480,49.901893,-94.130647,High,batch_2,2018-04-27,30/6/2018 15:30,compound_3,0.24747259495971696
TR_036,site_i,6,4,2018,13,20,JLR,2018-04-06,13H 20M 0S,2018-04-06T18:20:00Z,480,49.901893,-94.130647,High,batch_2,2018-04-27,30/6/2018 15:30,compound_4,2.283092946330589
TR_036,site_i,6,4,2018,13,20,JLR,2018-04-06,13H 20M 0S,2018-04-06T18:20:00Z,480,49.901893,-94.130647,High,batch_2,2018-04-27,30/6/2018 15:30,compound_5,6.919457298019106
TR_037,site_a,28,5,2018,15,28,JLR,2018-05-28,15H 28M 0S,2018-05-28T20:28:00Z,402,49.909703,-95.021429,Low,batch_2,2018-05-27,30/6/2018 15:30,compound_1,17.111080000495868
TR_037,site_a,28,5,2018,15,28,JLR,2018-05-28,15H 28M 0S,2018-05-28T20:28:00Z,402,49.909703,-95.021429,Low,batch_2,2018-05-27,30/6/2018 15:30,compound_2,14.399424135799833
TR_037,site_a,28,5,2018,15,28,JLR,2018-05-28,15H 28M 0S,2018-05-28T20:28:00Z,402,49.909703,-95.021429,Low,batch_2,2018-05-27,30/6/2018 15:30,compound_3,27.601490586918853
TR_037,site_a,28,5,2018,15,28,JLR,2018-05-28,15H 28M 0S,2018-05-28T20:28:00Z,402,49.909703,-95.021429,Low,batch_2,2018-05-27,30/6/2018 15:30,compound_4,17.57109228531789
TR_037,site_a,28,5,2018,15,28,JLR,2018-05-28,15H 28M 0S,2018-05-28T20:28:00Z,402,49.909703,-95.021429,Low,batch_2,2018-05-27,30/6/2018 15:30,compound_5,22.380171227687196
TR_038,site_b,19,5,2018,14,27,TB,2018-05-19,14H 27M 0S,2018-05-19T19:27:00Z,456,49.913267,-94.987348,Low,batch_2,2018-05-27,30/6/2018 15:30,compound_1,16.591519457898208
TR_038,site_b,19,5,2018,14,27,TB,2018-05-19,14H 27M 0S,2018-05-19T19:27:00Z,456,49.913267,-94.987348,Low,batch_2,2018-05-27,30/6/2018 15:30,compound_2,31.544946399836107
TR_038,site_b,19,5,2018,14,27,TB,2018-05-19,14H 27M 0S,2018-05-19T19:27:00Z,456,49.913267,-94.987348,Low,batch_2,2018-05-27,30/6/2018 15:30,compound_3,27.46513515445198
TR_038,site_b,19,5,2018,14,27,TB,2018-05-19,14H 27M 0S,2018-05-19T19:27:00Z,456,49.913267,-94.987348,Low,batch_2,2018-05-27,30/6/2018 15:30,compound_4,22.940331945796835
TR_038,site_b,19,5,2018,14,27,TB,2018-05-19,14H 27M 0S,2018-05-19T19:27:00Z,456,49.913267,-94.987348,Low,batch_2,2018-05-27,30/6/2018 15:30,compound_5,20.6251954634766
TR_039,site_c,12,5,2018,13,20,JS,2018-05-12,13H 20M 0S,2018-05-12T18:20:00Z,437,49.900346,-94.820267,Low,batch_2,2018-05-27,30/6/2018 15:30,compound_1,16.523043153293727
TR_039,site_c,12,5,2018,13,20,JS,2018-05-12,13H 20M 0S,2018-05-12T18:20:00Z,437,49.900346,-94.820267,Low,batch_2,2018-05-27,30/6/2018 15:30,compound_2,32.18845473891915
TR_039,site_c,12,5,2018,13,20,JS,2018-05-12,13H 20M 0S,2018-05-12T18:20:00Z,437,49.900346,-94.820267,Low,batch_2,2018-05-27,30/6/2018 15:30,compound_3,27.5312517694783
TR_039,site_c,12,5,2018,13,20,JS,2018-05-12,13H 20M 0S,2018-05-12T18:20:00Z,437,49.900346,-94.820267,Low,batch_2,2018-05-27,30/6/2018 15:30,compound_4,22.44718277665633
TR_039,site_c,12,5,2018,13,20,JS,2018-05-12,13H 20M 0S,2018-05-12T18:20:00Z,437,49.900346,-94.820267,Low,batch_2,2018-05-27,30/6/2018 15:30,compound_5,21.335119481157676
TR_040,site_d,11,5,2018,13,24,TB,2018-05-11,13H 24M 0S,2018-05-11T18:24:00Z,487,49.908709,-94.319547,Medium,batch_2,2018-05-27,30/6/2018 15:30,compound_1,8.592995626852316
TR_040,site_d,11,5,2018,13,24,TB,2018-05-11,13H 24M 0S,2018-05-11T18:24:00Z,487,49.908709,-94.319547,Medium,batch_2,2018-05-27,30/6/2018 15:30,compound_2,16.4874602066728
TR_040,site_d,11,5,2018,13,24,TB,2018-05-11,13H 24M 0S,2018-05-11T18:24:00Z,487,49.908709,-94.319547,Medium,batch_2,2018-05-27,30/6/2018 15:30,compound_3,12.651367859921521
TR_040,site_d,11,5,2018,13,24,TB,2018-05-11,13H 24M 0S,2018-05-11T18:24:00Z,487,49.908709,-94.319547,Medium,batch_2,2018-05-27,30/6/2018 15:30,compound_4,11.615698435538192
TR_040,site_d,11,5,2018,13,24,TB,2018-05-11,13H 24M 0S,2018-05-11T18:24:00Z,487,49.908709,-94.319547,Medium,batch_2,2018-05-27,30/6/2018 15:30,compound_5,11.626902085939436
TR_041,site_e,21,5,2018,11,24,JLR,2018-05-21,11H 24M 0S,2018-05-21T16:24:00Z,459,49.904971,-94.483031,Medium,batch_2,2018-05-27,30/6/2018 15:30,compound_1,8.809787271730391
TR_041,site_e,21,5,2018,11,24,JLR,2018-05-21,11H 24M 0S,2018-05-21T16:24:00Z,459,49.904971,-94.483031,Medium,batch_2,2018-05-27,30/6/2018 15:30,compound_2,15.341808897874001
TR_041,site_e,21,5,2018,11,24,JLR,2018-05-21,11H 24M 0S,2018-05-21T16:24:00Z,459,49.904971,-94.483031,Medium,batch_2,2018-05-27,30/6/2018 15:30,compound_3,12.768668408405537
TR_041,site_e,21,5,2018,11,24,JLR,2018-05-21,11H 24M 0S,2018-05-21T16:24:00Z,459,49.904971,-94.483031,Medium,batch_2,2018-05-27,30/6/2018 15:30,compound_4,8.037341592544518
TR_041,site_e,21,5,2018,11,24,JLR,2018-05-21,11H 24M 0S,2018-05-21T16:24:00Z,459,49.904971,-94.483031,Medium,batch_2,2018-05-27,30/6/2018 15:30,compound_5,11.158714744013531
TR_042,site_f,8,5,2018,13,26,JS,2018-05-08,13H 26M 0S,2018-05-08T18:26:00Z,446,49.905873,-94.17035,Medium,batch_2,2018-05-27,30/6/2018 15:30,compound_1,8.284153834113509
TR_042,site_f,8,5,2018,13,26,JS,2018-05-08,13H 26M 0S,2018-05-08T18:26:00Z,446,49.905873,-94.17035,Medium,batch_2,2018-05-27,30/6/2018 15:30,compound_2,15.641067991539977
TR_042,site_f,8,5,2018,13,26,JS,2018-05-08,13H 26M 0S,2018-05-08T18:26:00Z,446,49.905873,-94.17035,Medium,batch_2,2018-05-27,30/6/2018 15:30,compound_3,12.513916496162729
TR_042,site_f,8,5,2018,13,26,JS,2018-05-08,13H 26M 0S,2018-05-08T18:26:00Z,446,49.905873,-94.17035,Medium,batch_2,2018-05-27,30/6/2018 15:30,compound_4,11.91478238063073
TR_042,site_f,8,5,2018,13,26,JS,2018-05-08,13H 26M 0S,2018-05-08T18:26:00Z,446,49.905873,-94.17035,Medium,batch_2,2018-05-27,30/6/2018 15:30,compound_5,11.024205231771754
TR_043,site_g,12,5,2018,12,28,JS,2018-05-12,12H 28M 0S,2018-05-12T17:28:00Z,426,49.903229,-95.273824,High,batch_2,2018-05-27,30/6/2018 15:30,compound_1,3.056009961409032
TR_043,site_g,12,5,2018,12,28,JS,2018-05-12,12H 28M 0S,2018-05-12T17:28:00Z,426,49.903229,-95.273824,High,batch_2,2018-05-27,30/6/2018 15:30,compound_2,6.958011624322907
TR_043,site_g,12,5,2018,12,28,JS,2018-05-12,12H 28M 0S,2018-05-12T17:28:00Z,426,49.903229,-95.273824,High,batch_2,2018-05-27,30/6/2018 15:30,compound_3,0.29337443801609825
TR_043,site_g,12,5,2018,12,28,JS,2018-05-12,12H 28M 0S,2018-05-12T17:28:00Z,426,49.903229,-95.273824,High,batch_2,2018-05-27,30/6/2018 15:30,compound_4,2.0353345719990785
TR_043,site_g,12,5,2018,12,28,JS,2018-05-12,12H 28M 0S,2018-05-12T17:28:00Z,426,49.903229,-95.273824,High,batch_2,2018-05-27,30/6/2018 15:30,compound_5,6.123762444327357
TR_044,site_h,21,5,2018,12,35,TB,2018-05-21,12H 35M 0S,2018-05-21T17:35:00Z,438,49.895662,-94.767816,High,batch_2,2018-05-27,30/6/2018 15:30,compound_1,3.0322676970005915
TR_044,site_h,21,5,2018,12,35,TB,2018-05-21,12H 35M 0S,2018-05-21T17:35:00Z,438,49.895662,-94.767816,High,batch_2,2018-05-27,30/6/2018 15:30,compound_2,6.9584215270504055
TR_044,site_h,21,5,2018,12,35,TB,2018-05-21,12H 35M 0S,2018-05-21T17:35:00Z,438,49.895662,-94.767816,High,batch_2,2018-05-27,30/6/2018 15:30,compound_3,0.2944127638868114
TR_044,site_h,21,5,2018,12,35,TB,2018-05-21,12H 35M 0S,2018-05-21T17:35:00Z,438,49.895662,-94.767816,High,batch_2,2018-05-27,30/6/2018 15:30,compound_4,1.9109100753466153
TR_044,site_h,21,5,2018,12,35,TB,2018-05-21,12H 35M 0S,2018-05-21T17:35:00Z,438,49.895662,-94.767816,High,batch_2,2018-05-27,30/6/2018 15:30,compound_5,5.9396113285521714
TR_045,site_i,8,5,2018,8,26,JLR,2018-05-08,8H 26M 0S,2018-05-08T13:26:00Z,480,49.901893,-94.130647,High,batch_2,2018-05-27,30/6/2018 15:30,compound_1,3.17887239341764
TR_045,site_i,8,5,2018,8,26,JLR,2018-05-08,8H 26M 0S,2018-05-08T13:26:00Z,480,49.901893,-94.130647,High,batch_2,2018-05-27,30/6/2018 15:30,compound_2,6.673097717049
TR_045,site_i,8,5,2018,8,26,JLR,2018-05-08,8H 26M 0S,2018-05-08T13:26:00Z,480,49.901893,-94.130647,High,batch_2,2018-05-27,30/6/2018 15:30,compound_3,0.29586817303098734
TR_045,site_i,8,5,2018,8,26,JLR,2018-05-08,8H 26M 0S,2018-05-08T13:26:00Z,480,49.901893,-94.130647,High,batch_2,2018-05-27,30/6/2018 15:30,compound_4,2.5743799294138126
TR_045,site_i,8,5,2018,8,26,JLR,2018-05-08,8H 26M 0S,2018-05-08T13:26:00Z,480,49.901893,-94.130647,High,batch_2,2018-05-27,30/6/2018 15:30,compound_5,5.803795318804685
TR_046,site_a,19,6,2018,11,38,JS,2018-06-19,11H 38M 0S,2018-06-19T16:38:00Z,402,49.909703,-95.021429,Low,batch_2,2018-06-27,30/6/2018 15:30,compound_1,19.80582685135507
TR_046,site_a,19,6,2018,11,38,JS,2018-06-19,11H 38M 0S,2018-06-19T16:38:00Z,402,49.909703,-95.021429,Low,batch_2,2018-06-27,30/6/2018 15:30,compound_2,28.230111149854547
TR_046,site_a,19,6,2018,11,38,JS,2018-06-19,11H 38M 0S,2018-06-19T16:38:00Z,402,49.909703,-95.021429,Low,batch_2,2018-06-27,30/6/2018 15:30,compound_3,30.196963651247362
TR_046,site_a,19,6,2018,11,38,JS,2018-06-19,11H 38M 0S,2018-06-19T16:38:00Z,402,49.909703,-95.021429,Low,batch_2,2018-06-27,30/6/2018 15:30,compound_4,22.78849175462308
TR_046,site_a,19,6,2018,11,38,JS,2018-06-19,11H 38M 0S,2018-06-19T16:38:00Z,402,49.909703,-95.021429,Low,batch_2,2018-06-27,30/6/2018 15:30,compound_5,19.98624169438359
TR_047,site_b,17,6,2018,10,29,JS,2018-06-17,10H 29M 0S,2018-06-17T15:29:00Z,456,49.913267,-94.987348,Low,batch_2,2018-06-27,30/6/2018 15:30,compound_1,19.40812414800419
TR_047,site_b,17,6,2018,10,29,JS,2018-06-17,10H 29M 0S,2018-06-17T15:29:00Z,456,49.913267,-94.987348,Low,batch_2,2018-06-27,30/6/2018 15:30,compound_2,25.16054932974844
TR_047,site_b,17,6,2018,10,29,JS,2018-06-17,10H 29M 0S,2018-06-17T15:29:00Z,456,49.913267,-94.987348,Low,batch_2,2018-06-27,30/6/2018 15:30,compound_3,29.116674781404992
TR_047,site_b,17,6,2018,10,29,JS,2018-06-17,10H 29M 0S,2018-06-17T15:29:00Z,456,49.913267,-94.987348,Low,batch_2,2018-06-27,30/6/2018 15:30,compound_4,27.745227720509284
TR_047,site_b,17,6,2018,10,29,JS,2018-06-17,10H 29M 0S,2018-06-17T15:29:00Z,456,49.913267,-94.987348,Low,batch_2,2018-06-27,30/6/2018 15:30,compound_5,19.795832411844966
TR_048,site_c,19,6,2018,17,28,JLR,2018-06-19,17H 28M 0S,2018-06-19T22:28:00Z,437,49.900346,-94.820267,Low,batch_2,2018-06-27,30/6/2018 15:30,compound_1,20.094359646298262
TR_048,site_c,19,6,2018,17,28,JLR,2018-06-19,17H 28M 0S,2018-06-19T22:28:00Z,437,49.900346,-94.820267,Low,batch_2,2018-06-27,30/6/2018 15:30,compound_2,24.805397916769607
TR_048,site_c,19,6,2018,17,28,JLR,2018-06-19,17H 28M 0S,2018-06-19T22:28:00Z,437,49.900346,-94.820267,Low,batch_2,2018-06-27,30/6/2018 15:30,compound_3,30.47096809620011
TR_048,site_c,19,6,2018,17,28,JLR,2018-06-19,17H 28M 0S,2018-06-19T22:28:00Z,437,49.900346,-94.820267,Low,batch_2,2018-06-27,30/6/2018 15:30,compound_4,22.3520963240631
TR_048,site_c,19,6,2018,17,28,JLR,2018-06-19,17H 28M 0S,2018-06-19T22:28:00Z,437,49.900346,-94.820267,Low,batch_2,2018-06-27,30/6/2018 15:30,compound_5,20.03426246260961
TR_049,site_d,18,6,2018,13,32,JS,2018-06-18,13H 32M 0S,2018-06-18T18:32:00Z,487,49.908709,-94.319547,Medium,batch_2,2018-06-27,30/6/2018 15:30,compound_1,10.244043095187243
TR_049,site_d,18,6,2018,13,32,JS,2018-06-18,13H 32M 0S,2018-06-18T18:32:00Z,487,49.908709,-94.319547,Medium,batch_2,2018-06-27,30/6/2018 15:30,compound_2,12.614455748964748
TR_049,site_d,18,6,2018,13,32,JS,2018-06-18,13H 32M 0S,2018-06-18T18:32:00Z,487,49.908709,-94.319547,Medium,batch_2,2018-06-27,30/6/2018 15:30,compound_3,14.110095354775387
TR_049,site_d,18,6,2018,13,32,JS,2018-06-18,13H 32M 0S,2018-06-18T18:32:00Z,487,49.908709,-94.319547,Medium,batch_2,2018-06-27,30/6/2018 15:30,compound_4,12.541645821335672
TR_049,site_d,18,6,2018,13,32,JS,2018-06-18,13H 32M 0S,2018-06-18T18:32:00Z,487,49.908709,-94.319547,Medium,batch_2,2018-06-27,30/6/2018 15:30,compound_5,10.69419501662558
TR_050,site_e,19,6,2018,13,38,JS,2018-06-19,13H 38M 0S,2018-06-19T18:38:00Z,459,49.904971,-94.483031,Medium,batch_2,2018-06-27,30/6/2018 15:30,compound_1,10.151608128270638
TR_050,site_e,19,6,2018,13,38,JS,2018-06-19,13H 38M 0S,2018-06-19T18:38:00Z,459,49.904971,-94.483031,Medium,batch_2,2018-06-27,30/6/2018 15:30,compound_2,10.941212258256636
TR_050,site_e,19,6,2018,13,38,JS,2018-06-19,13H 38M 0S,2018-06-19T18:38:00Z,459,49.904971,-94.483031,Medium,batch_2,2018-06-27,30/6/2018 15:30,compound_3,14.027635808941028
TR_050,site_e,19,6,2018,13,38,JS,2018-06-19,13H 38M 0S,2018-06-19T18:38:00Z,459,49.904971,-94.483031,Medium,batch_2,2018-06-27,30/6/2018 15:30,compound_4,9.611571489079585
TR_050,site_e,19,6,2018,13,38,JS,2018-06-19,13H 38M 0S,2018-06-19T18:38:00Z,459,49.904971,-94.483031,Medium,batch_2,2018-06-27,30/6/2018 15:30,compound_5,10.351632810954316
TR_051,site_f,8,6,2018,13,22,JLR,2018-06-08,13H 22M 0S,2018-06-08T18:22:00Z,446,49.905873,-94.17035,Medium,batch_2,2018-06-27,30/6/2018 15:30,compound_1,10.522376956885793
TR_051,site_f,8,6,2018,13,22,JLR,2018-06-08,13H 22M 0S,2018-06-08T18:22:00Z,446,49.905873,-94.17035,Medium,batch_2,2018-06-27,30/6/2018 15:30,compound_2,10.932764370044001
TR_051,site_f,8,6,2018,13,22,JLR,2018-06-08,13H 22M 0S,2018-06-08T18:22:00Z,446,49.905873,-94.17035,Medium,batch_2,2018-06-27,30/6/2018 15:30,compound_3,13.622269932112088
TR_051,site_f,8,6,2018,13,22,JLR,2018-06-08,13H 22M 0S,2018-06-08T18:22:00Z,446,49.905873,-94.17035,Medium,batch_2,2018-06-27,30/6/2018 15:30,compound_4,11.592444629141125
TR_051,site_f,8,6,2018,13,22,JLR,2018-06-08,13H 22M 0S,2018-06-08T18:22:00Z,446,49.905873,-94.17035,Medium,batch_2,2018-06-27,30/6/2018 15:30,compound_5,10.977514803596664
TR_052,site_g,18,6,2018,14,21,JLR,2018-06-18,14H 21M 0S,2018-06-18T19:21:00Z,426,49.903229,-95.273824,High,batch_2,2018-06-27,30/6/2018 15:30,compound_1,3.5136941968418967
TR_052,site_g,18,6,2018,14,21,JLR,2018-06-18,14H 21M 0S,2018-06-18T19:21:00Z,426,49.903229,-95.273824,High,batch_2,2018-06-27,30/6/2018 15:30,compound_2,5.403227646250127
TR_052,site_g,18,6,2018,14,21,JLR,2018-06-18,14H 21M 0S,2018-06-18T19:21:00Z,426,49.903229,-95.273824,High,batch_2,2018-06-27,30/6/2018 15:30,compound_3,0.3268283327020738
TR_052,site_g,18,6,2018,14,21,JLR,2018-06-18,14H 21M 0S,2018-06-18T19:21:00Z,426,49.903229,-95.273824,High,batch_2,2018-06-27,30/6/2018 15:30,compound_4,2.4272200652540596
TR_052,site_g,18,6,2018,14,21,JLR,2018-06-18,14H 21M 0S,2018-06-18T19:21:00Z,426,49.903229,-95.273824,High,batch_2,2018-06-27,30/6/2018 15:30,compound_5,5.245181713157531
TR_053,site_h,19,6,2018,15,27,JLR,2018-06-19,15H 27M 0S,2018-06-19T20:27:00Z,438,49.895662,-94.767816,High,batch_2,2018-06-27,30/6/2018 15:30,compound_1,3.430222935655322
TR_053,site_h,19,6,2018,15,27,JLR,2018-06-19,15H 27M 0S,2018-06-19T20:27:00Z,438,49.895662,-94.767816,High,batch_2,2018-06-27,30/6/2018 15:30,compound_2,4.8609173860680714
TR_053,site_h,19,6,2018,15,27,JLR,2018-06-19,15H 27M 0S,2018-06-19T20:27:00Z,438,49.895662,-94.767816,High,batch_2,2018-06-27,30/6/2018 15:30,compound_3,0.3259561418560736
TR_053,site_h,19,6,2018,15,27,JLR,2018-06-19,15H 27M 0S,2018-06-19T20:27:00Z,438,49.895662,-94.767816,High,batch_2,2018-06-27,30/6/2018 15:30,compound_4,2.64621272591029
TR_053,site_h,19,6,2018,15,27,JLR,2018-06-19,15H 27M 0S,2018-06-19T20:27:00Z,438,49.895662,-94.767816,High,batch_2,2018-06-27,30/6/2018 15:30,compound_5,5.825982845868861
TR_054,site_i,11,6,2018,16,27,JLR,2018-06-11,16H 27M 0S,2018-06-11T21:27:00Z,480,49.901893,-94.130647,High,batch_2,2018-06-27,30/6/2018 15:30,compound_1,3.5247829890952893
TR_054,site_i,11,6,2018,16,27,JLR,2018-06-11,16H 27M 0S,2018-06-11T21:27:00Z,480,49.901893,-94.130647,High,batch_2,2018-06-27,30/6/2018 15:30,compound_2,4.886173685985995
TR_054,site_i,11,6,2018,16,27,JLR,2018-06-11,16H 27M 0S,2018-06-11T21:27:00Z,480,49.901893,-94.130647,High,batch_2,2018-06-27,30/6/2018 15:30,compound_3,0.32751178073021225
TR_054,site_i,11,6,2018,16,27,JLR,2018-06-11,16H 27M 0S,2018-06-11T21:27:00Z,480,49.901893,-94.130647,High,batch_2,2018-06-27,30/6/2018 15:30,compound_4,2.69750972514431
TR_054,site_i,11,6,2018,16,27,JLR,2018-06-11,16H 27M 0S,2018-06-11T21:27:00Z,480,49.901893,-94.130647,High,batch_2,2018-06-27,30/6/2018 15:30,compound_5,5.259381477500861
TR_055,site_a,14,7,2018,13,30,JS,2018-07-14,13H 30M 0S,2018-07-14T18:30:00Z,402,49.909703,-95.021429,Low,batch_3,2018-07-27,30/9/2018 15:30,compound_1,25.09862157801835
TR_055,site_a,14,7,2018,13,30,JS,2018-07-14,13H 30M 0S,2018-07-14T18:30:00Z,402,49.909703,-95.021429,Low,batch_3,2018-07-27,30/9/2018 15:30,compound_2,20.73571286046671
TR_055,site_a,14,7,2018,13,30,JS,2018-07-14,13H 30M 0S,2018-07-14T18:30:00Z,402,49.909703,-95.021429,Low,batch_3,2018-07-27,30/9/2018 15:30,compound_3,34.656717608277056
TR_055,site_a,14,7,2018,13,30,JS,2018-07-14,13H 30M 0S,2018-07-14T18:30:00Z,402,49.909703,-95.021429,Low,batch_3,2018-07-27,30/9/2018 15:30,compound_4,25.419368020822134
TR_055,site_a,14,7,2018,13,30,JS,2018-07-14,13H 30M 0S,2018-07-14T18:30:00Z,402,49.909703,-95.021429,Low,batch_3,2018-07-27,30/9/2018 15:30,compound_5,15.518154171830309
TR_056,site_b,18,7,2018,13,27,JLR,2018-07-18,13H 27M 0S,2018-07-18T18:27:00Z,456,49.913267,-94.987348,Low,batch_3,2018-07-27,30/9/2018 15:30,compound_1,25.432379799253376
TR_056,site_b,18,7,2018,13,27,JLR,2018-07-18,13H 27M 0S,2018-07-18T18:27:00Z,456,49.913267,-94.987348,Low,batch_3,2018-07-27,30/9/2018 15:30,compound_2,16.841636942901072
TR_056,site_b,18,7,2018,13,27,JLR,2018-07-18,13H 27M 0S,2018-07-18T18:27:00Z,456,49.913267,-94.987348,Low,batch_3,2018-07-27,30/9/2018 15:30,compound_3,34.46450448683359
TR_056,site_b,18,7,2018,13,27,JLR,2018-07-18,13H 27M 0S,2018-07-18T18:27:00Z,456,49.913267,-94.987348,Low,batch_3,2018-07-27,30/9/2018 15:30,compound_4,30.111898465811706
TR_056,site_b,18,7,2018,13,27,JLR,2018-07-18,13H 27M 0S,2018-07-18T18:27:00Z,456,49.913267,-94.987348,Low,batch_3,2018-07-27,30/9/2018 15:30,compound_5,16.837258650314972
TR_057,site_c,8,7,2018,8,20,TB,2018-07-08,8H 20M 0S,2018-07-08T13:20:00Z,437,49.900346,-94.820267,Low,batch_3,2018-07-27,30/9/2018 15:30,compound_1,25.177221085514304
TR_057,site_c,8,7,2018,8,20,TB,2018-07-08,8H 20M 0S,2018-07-08T13:20:00Z,437,49.900346,-94.820267,Low,batch_3,2018-07-27,30/9/2018 15:30,compound_2,16.420773548096584
TR_057,site_c,8,7,2018,8,20,TB,2018-07-08,8H 20M 0S,2018-07-08T13:20:00Z,437,49.900346,-94.820267,Low,batch_3,2018-07-27,30/9/2018 15:30,compound_3,35.16365226445995
TR_057,site_c,8,7,2018,8,20,TB,2018-07-08,8H 20M 0S,2018-07-08T13:20:00Z,437,49.900346,-94.820267,Low,batch_3,2018-07-27,30/9/2018 15:30,compound_4,18.79440712590108
TR_057,site_c,8,7,2018,8,20,TB,2018-07-08,8H 20M 0S,2018-07-08T13:20:00Z,437,49.900346,-94.820267,Low,batch_3,2018-07-27,30/9/2018 15:30,compound_5,15.829222343404677
TR_058,site_d,14,7,2018,12,33,JLR,2018-07-14,12H 33M 0S,2018-07-14T17:33:00Z,487,49.908709,-94.319547,Medium,batch_3,2018-07-27,30/9/2018 15:30,compound_1,12.885029943105323
TR_058,site_d,14,7,2018,12,33,JLR,2018-07-14,12H 33M 0S,2018-07-14T17:33:00Z,487,49.908709,-94.319547,Medium,batch_3,2018-07-27,30/9/2018 15:30,compound_2,8.052608229178759
TR_058,site_d,14,7,2018,12,33,JLR,2018-07-14,12H 33M 0S,2018-07-14T17:33:00Z,487,49.908709,-94.319547,Medium,batch_3,2018-07-27,30/9/2018 15:30,compound_3,16.364652513612743
TR_058,site_d,14,7,2018,12,33,JLR,2018-07-14,12H 33M 0S,2018-07-14T17:33:00Z,487,49.908709,-94.319547,Medium,batch_3,2018-07-27,30/9/2018 15:30,compound_4,12.025336280706032
TR_058,site_d,14,7,2018,12,33,JLR,2018-07-14,12H 33M 0S,2018-07-14T17:33:00Z,487,49.908709,-94.319547,Medium,batch_3,2018-07-27,30/9/2018 15:30,compound_5,8.325035009583457
TR_059,site_e,16,7,2018,12,34,JLR,2018-07-16,12H 34M 0S,2018-07-16T17:34:00Z,459,49.904971,-94.483031,Medium,batch_3,2018-07-27,30/9/2018 15:30,compound_1,12.865910624959563
TR_059,site_e,16,7,2018,12,34,JLR,2018-07-16,12H 34M 0S,2018-07-16T17:34:00Z,459,49.904971,-94.483031,Medium,batch_3,2018-07-27,30/9/2018 15:30,compound_2,6.633617970101531
TR_059,site_e,16,7,2018,12,34,JLR,2018-07-16,12H 34M 0S,2018-07-16T17:34:00Z,459,49.904971,-94.483031,Medium,batch_3,2018-07-27,30/9/2018 15:30,compound_3,16.197356454588732
TR_059,site_e,16,7,2018,12,34,JLR,2018-07-16,12H 34M 0S,2018-07-16T17:34:00Z,459,49.904971,-94.483031,Medium,batch_3,2018-07-27,30/9/2018 15:30,compound_4,8.651730613631408
TR_059,site_e,16,7,2018,12,34,JLR,2018-07-16,12H 34M 0S,2018-07-16T17:34:00Z,459,49.904971,-94.483031,Medium,batch_3,2018-07-27,30/9/2018 15:30,compound_5,8.489132431757843
TR_060,site_f,16,7,2018,13,32,JLR,2018-07-16,13H 32M 0S,2018-07-16T18:32:00Z,446,49.905873,-94.17035,Medium,batch_3,2018-07-27,30/9/2018 15:30,compound_1,13.21899249095966
TR_060,site_f,16,7,2018,13,32,JLR,2018-07-16,13H 32M 0S,2018-07-16T18:32:00Z,446,49.905873,-94.17035,Medium,batch_3,2018-07-27,30/9/2018 15:30,compound_2,6.887173707643221
TR_060,site_f,16,7,2018,13,32,JLR,2018-07-16,13H 32M 0S,2018-07-16T18:32:00Z,446,49.905873,-94.17035,Medium,batch_3,2018-07-27,30/9/2018 15:30,compound_3,15.944912361353483
TR_060,site_f,16,7,2018,13,32,JLR,2018-07-16,13H 32M 0S,2018-07-16T18:32:00Z,446,49.905873,-94.17035,Medium,batch_3,2018-07-27,30/9/2018 15:30,compound_4,8.541887385678725
TR_060,site_f,16,7,2018,13,32,JLR,2018-07-16,13H 32M 0S,2018-07-16T18:32:00Z,446,49.905873,-94.17035,Medium,batch_3,2018-07-27,30/9/2018 15:30,compound_5,9.28962004326137
TR_061,site_g,9,7,2018,14,37,JS,2018-07-09,14H 37M 0S,2018-07-09T19:37:00Z,426,49.903229,-95.273824,High,batch_3,2018-07-27,30/9/2018 15:30,compound_1,4.410971723922052
TR_061,site_g,9,7,2018,14,37,JS,2018-07-09,14H 37M 0S,2018-07-09T19:37:00Z,426,49.903229,-95.273824,High,batch_3,2018-07-27,30/9/2018 15:30,compound_2,3.0953945254422095
TR_061,site_g,9,7,2018,14,37,JS,2018-07-09,14H 37M 0S,2018-07-09T19:37:00Z,426,49.903229,-95.273824,High,batch_3,2018-07-27,30/9/2018 15:30,compound_3,0.38162892912765134
TR_061,site_g,9,7,2018,14,37,JS,2018-07-09,14H 37M 0S,2018-07-09T19:37:00Z,426,49.903229,-95.273824,High,batch_3,2018-07-27,30/9/2018 15:30,compound_4,2.2609601481212174
TR_061,site_g,9,7,2018,14,37,JS,2018-07-09,14H 37M 0S,2018-07-09T19:37:00Z,426,49.903229,-95.273824,High,batch_3,2018-07-27,30/9/2018 15:30,compound_5,4.036548341646085
TR_062,site_h,15,7,2018,13,27,JS,2018-07-15,13H 27M 0S,2018-07-15T18:27:00Z,438,49.895662,-94.767816,High,batch_3,2018-07-27,30/9/2018 15:30,compound_1,4.50970046571861
TR_062,site_h,15,7,2018,13,27,JS,2018-07-15,13H 27M 0S,2018-07-15T18:27:00Z,438,49.895662,-94.767816,High,batch_3,2018-07-27,30/9/2018 15:30,compound_2,3.578094718278665
TR_062,site_h,15,7,2018,13,27,JS,2018-07-15,13H 27M 0S,2018-07-15T18:27:00Z,438,49.895662,-94.767816,High,batch_3,2018-07-27,30/9/2018 15:30,compound_3,0.3957592569009073
TR_062,site_h,15,7,2018,13,27,JS,2018-07-15,13H 27M 0S,2018-07-15T18:27:00Z,438,49.895662,-94.767816,High,batch_3,2018-07-27,30/9/2018 15:30,compound_4,2.1458318480978056
TR_062,site_h,15,7,2018,13,27,JS,2018-07-15,13H 27M 0S,2018-07-15T18:27:00Z,438,49.895662,-94.767816,High,batch_3,2018-07-27,30/9/2018 15:30,compound_5,4.778072281056929
TR_063,site_i,11,7,2018,10,26,JLR,2018-07-11,10H 26M 0S,2018-07-11T15:26:00Z,480,49.901893,-94.130647,High,batch_3,2018-07-27,30/9/2018 15:30,compound_1,4.436014657918172
TR_063,site_i,11,7,2018,10,26,JLR,2018-07-11,10H 26M 0S,2018-07-11T15:26:00Z,480,49.901893,-94.130647,High,batch_3,2018-07-27,30/9/2018 15:30,compound_2,3.3323771914746287
TR_063,site_i,11,7,2018,10,26,JLR,2018-07-11,10H 26M 0S,2018-07-11T15:26:00Z,480,49.901893,-94.130647,High,batch_3,2018-07-27,30/9/2018 15:30,compound_3,0.39308571674139114
TR_063,site_i,11,7,2018,10,26,JLR,2018-07-11,10H 26M 0S,2018-07-11T15:26:00Z,480,49.901893,-94.130647,High,batch_3,2018-07-27,30/9/2018 15:30,compound_4,2.1934407000095946
TR_063,site_i,11,7,2018,10,26,JLR,2018-07-11,10H 26M 0S,2018-07-11T15:26:00Z,480,49.901893,-94.130647,High,batch_3,2018-07-27,30/9/2018 15:30,compound_5,4.589195893825843
TR_064,site_a,10,8,2018,13,35,TB,2018-08-10,13H 35M 0S,2018-08-10T18:35:00Z,402,49.909703,-95.021429,Low,batch_3,2018-08-27,30/9/2018 15:30,compound_1,26.0804795050324
TR_064,site_a,10,8,2018,13,35,TB,2018-08-10,13H 35M 0S,2018-08-10T18:35:00Z,402,49.909703,-95.021429,Low,batch_3,2018-08-27,30/9/2018 15:30,compound_2,13.136151074531874
TR_064,site_a,10,8,2018,13,35,TB,2018-08-10,13H 35M 0S,2018-08-10T18:35:00Z,402,49.909703,-95.021429,Low,batch_3,2018-08-27,30/9/2018 15:30,compound_3,37.31596797668805
TR_064,site_a,10,8,2018,13,35,TB,2018-08-10,13H 35M 0S,2018-08-10T18:35:00Z,402,49.909703,-95.021429,Low,batch_3,2018-08-27,30/9/2018 15:30,compound_4,24.851160149225354
TR_064,site_a,10,8,2018,13,35,TB,2018-08-10,13H 35M 0S,2018-08-10T18:35:00Z,402,49.909703,-95.021429,Low,batch_3,2018-08-27,30/9/2018 15:30,compound_5,12.458428530769579
TR_065,site_b,9,8,2018,13,21,TB,2018-08-09,13H 21M 0S,2018-08-09T18:21:00Z,456,49.913267,-94.987348,Low,batch_3,2018-08-27,30/9/2018 15:30,compound_1,25.400748660135292
TR_065,site_b,9,8,2018,13,21,TB,2018-08-09,13H 21M 0S,2018-08-09T18:21:00Z,456,49.913267,-94.987348,Low,batch_3,2018-08-27,30/9/2018 15:30,compound_2,15.697782144783067
TR_065,site_b,9,8,2018,13,21,TB,2018-08-09,13H 21M 0S,2018-08-09T18:21:00Z,456,49.913267,-94.987348,Low,batch_3,2018-08-27,30/9/2018 15:30,compound_3,37.24560473789209
TR_065,site_b,9,8,2018,13,21,TB,2018-08-09,13H 21M 0S,2018-08-09T18:21:00Z,456,49.913267,-94.987348,Low,batch_3,2018-08-27,30/9/2018 15:30,compound_4,24.93758500807452
TR_065,site_b,9,8,2018,13,21,TB,2018-08-09,13H 21M 0S,2018-08-09T18:21:00Z,456,49.913267,-94.987348,Low,batch_3,2018-08-27,30/9/2018 15:30,compound_5,13.192466097516254
TR_066,site_c,18,8,2018,11,29,JLR,2018-08-18,11H 29M 0S,2018-08-18T16:29:00Z,437,49.900346,-94.820267,Low,batch_3,2018-08-27,30/9/2018 15:30,compound_1,27.402392919004274
TR_066,site_c,18,8,2018,11,29,JLR,2018-08-18,11H 29M 0S,2018-08-18T16:29:00Z,437,49.900346,-94.820267,Low,batch_3,2018-08-27,30/9/2018 15:30,compound_2,15.62155804859783
TR_066,site_c,18,8,2018,11,29,JLR,2018-08-18,11H 29M 0S,2018-08-18T16:29:00Z,437,49.900346,-94.820267,Low,batch_3,2018-08-27,30/9/2018 15:30,compound_3,37.11725285598827
TR_066,site_c,18,8,2018,11,29,JLR,2018-08-18,11H 29M 0S,2018-08-18T16:29:00Z,437,49.900346,-94.820267,Low,batch_3,2018-08-27,30/9/2018 15:30,compound_4,22.45916153844736
TR_066,site_c,18,8,2018,11,29,JLR,2018-08-18,11H 29M 0S,2018-08-18T16:29:00Z,437,49.900346,-94.820267,Low,batch_3,2018-08-27,30/9/2018 15:30,compound_5,13.393432518238676
TR_067,site_d,17,8,2018,15,23,JLR,2018-08-17,15H 23M 0S,2018-08-17T20:23:00Z,487,49.908709,-94.319547,Medium,batch_3,2018-08-27,30/9/2018 15:30,compound_1,14.130978942437062
TR_067,site_d,17,8,2018,15,23,JLR,2018-08-17,15H 23M 0S,2018-08-17T20:23:00Z,487,49.908709,-94.319547,Medium,batch_3,2018-08-27,30/9/2018 15:30,compound_2,7.876284333689562
TR_067,site_d,17,8,2018,15,23,JLR,2018-08-17,15H 23M 0S,2018-08-17T20:23:00Z,487,49.908709,-94.319547,Medium,batch_3,2018-08-27,30/9/2018 15:30,compound_3,17.054940572675918
TR_067,site_d,17,8,2018,15,23,JLR,2018-08-17,15H 23M 0S,2018-08-17T20:23:00Z,487,49.908709,-94.319547,Medium,batch_3,2018-08-27,30/9/2018 15:30,compound_4,8.888545729952536
TR_067,site_d,17,8,2018,15,23,JLR,2018-08-17,15H 23M 0S,2018-08-17T20:23:00Z,487,49.908709,-94.319547,Medium,batch_3,2018-08-27,30/9/2018 15:30,compound_5,6.908397835400887
TR_068,site_e,13,8,2018,15,32,JS,2018-08-13,15H 32M 0S,2018-08-13T20:32:00Z,459,49.904971,-94.483031,Medium,batch_3,2018-08-27,30/9/2018 15:30,compound_1,14.204079317467018
TR_068,site_e,13,8,2018,15,32,JS,2018-08-13,15H 32M 0S,2018-08-13T20:32:00Z,459,49.904971,-94.483031,Medium,batch_3,2018-08-27,30/9/2018 15:30,compound_2,12.690536367714937
TR_068,site_e,13,8,2018,15,32,JS,2018-08-13,15H 32M 0S,2018-08-13T20:32:00Z,459,49.904971,-94.483031,Medium,batch_3,2018-08-27,30/9/2018 15:30,compound_3,17.289060348833335
TR_068,site_e,13,8,2018,15,32,JS,2018-08-13,15H 32M 0S,2018-08-13T20:32:00Z,459,49.904971,-94.483031,Medium,batch_3,2018-08-27,30/9/2018 15:30,compound_4,14.763740065268639
TR_068,site_e,13,8,2018,15,32,JS,2018-08-13,15H 32M 0S,2018-08-13T20:32:00Z,459,49.904971,-94.483031,Medium,batch_3,2018-08-27,30/9/2018 15:30,compound_5,6.676905894560848
TR_069,site_f,11,8,2018,12,33,JS,2018-08-11,12H 33M 0S,2018-08-11T17:33:00Z,446,49.905873,-94.17035,Medium,batch_3,2018-08-27,30/9/2018 15:30,compound_1,13.817794453101913
TR_069,site_f,11,8,2018,12,33,JS,2018-08-11,12H 33M 0S,2018-08-11T17:33:00Z,446,49.905873,-94.17035,Medium,batch_3,2018-08-27,30/9/2018 15:30,compound_2,12.494067602217415
TR_069,site_f,11,8,2018,12,33,JS,2018-08-11,12H 33M 0S,2018-08-11T17:33:00Z,446,49.905873,-94.17035,Medium,batch_3,2018-08-27,30/9/2018 15:30,compound_3,17.098257444102284
TR_069,site_f,11,8,2018,12,33,JS,2018-08-11,12H 33M 0S,2018-08-11T17:33:00Z,446,49.905873,-94.17035,Medium,batch_3,2018-08-27,30/9/2018 15:30,compound_4,12.14386228658765
TR_069,site_f,11,8,2018,12,33,JS,2018-08-11,12H 33M 0S,2018-08-11T17:33:00Z,446,49.905873,-94.17035,Medium,batch_3,2018-08-27,30/9/2018 15:30,compound_5,6.7664259290433035
TR_070,site_g,11,8,2018,14,30,JS,2018-08-11,14H 30M 0S,2018-08-11T19:30:00Z,426,49.903229,-95.273824,High,batch_3,2018-08-27,30/9/2018 15:30,compound_1,4.75922507769483
TR_070,site_g,11,8,2018,14,30,JS,2018-08-11,14H 30M 0S,2018-08-11T19:30:00Z,426,49.903229,-95.273824,High,batch_3,2018-08-27,30/9/2018 15:30,compound_2,5.993712288085776
TR_070,site_g,11,8,2018,14,30,JS,2018-08-11,14H 30M 0S,2018-08-11T19:30:00Z,426,49.903229,-95.273824,High,batch_3,2018-08-27,30/9/2018 15:30,compound_3,0.40412745700094777
TR_070,site_g,11,8,2018,14,30,JS,2018-08-11,14H 30M 0S,2018-08-11T19:30:00Z,426,49.903229,-95.273824,High,batch_3,2018-08-27,30/9/2018 15:30,compound_4,1.668946046645378
TR_070,site_g,11,8,2018,14,30,JS,2018-08-11,14H 30M 0S,2018-08-11T19:30:00Z,426,49.903229,-95.273824,High,batch_3,2018-08-27,30/9/2018 15:30,compound_5,3.470119730213252
TR_071,site_h,22,8,2018,11,28,JLR,2018-08-22,11H 28M 0S,2018-08-22T16:28:00Z,438,49.895662,-94.767816,High,batch_3,2018-08-27,30/9/2018 15:30,compound_1,4.635251952499085
TR_071,site_h,22,8,2018,11,28,JLR,2018-08-22,11H 28M 0S,2018-08-22T16:28:00Z,438,49.895662,-94.767816,High,batch_3,2018-08-27,30/9/2018 15:30,compound_2,7.0526027814269145
TR_071,site_h,22,8,2018,11,28,JLR,2018-08-22,11H 28M 0S,2018-08-22T16:28:00Z,438,49.895662,-94.767816,High,batch_3,2018-08-27,30/9/2018 15:30,compound_3,0.4115656454430857
TR_071,site_h,22,8,2018,11,28,JLR,2018-08-22,11H 28M 0S,2018-08-22T16:28:00Z,438,49.895662,-94.767816,High,batch_3,2018-08-27,30/9/2018 15:30,compound_4,2.0618794566387786
TR_071,site_h,22,8,2018,11,28,JLR,2018-08-22,11H 28M 0S,2018-08-22T16:28:00Z,438,49.895662,-94.767816,High,batch_3,2018-08-27,30/9/2018 15:30,compound_5,3.497008646765262
TR_072,site_i,17,8,2018,15,23,TB,2018-08-17,15H 23M 0S,2018-08-17T20:23:00Z,480,49.901893,-94.130647,High,batch_3,2018-08-27,30/9/2018 15:30,compound_1,4.860570735674606
TR_072,site_i,17,8,2018,15,23,TB,2018-08-17,15H 23M 0S,2018-08-17T20:23:00Z,480,49.901893,-94.130647,High,batch_3,2018-08-27,30/9/2018 15:30,compound_2,6.937624303958314
TR_072,site_i,17,8,2018,15,23,TB,2018-08-17,15H 23M 0S,2018-08-17T20:23:00Z,480,49.901893,-94.130647,High,batch_3,2018-08-27,30/9/2018 15:30,compound_3,0.40687852662721163
TR_072,site_i,17,8,2018,15,23,TB,2018-08-17,15H 23M 0S,2018-08-17T20:23:00Z,480,49.901893,-94.130647,High,batch_3,2018-08-27,30/9/2018 15:30,compound_4,2.4365266460078687
TR_072,site_i,17,8,2018,15,23,TB,2018-08-17,15H 23M 0S,2018-08-17T20:23:00Z,480,49.901893,-94.130647,High,batch_3,2018-08-27,30/9/2018 15:30,compound_5,4.258758925738695
TR_073,site_a,16,9,2018,9,24,TB,2018-09-16,9H 24M 0S,2018-09-16T14:24:00Z,402,49.909703,-95.021429,Low,batch_3,2018-09-27,30/9/2018 15:30,compound_1,18.4722258702898
TR_073,site_a,16,9,2018,9,24,TB,2018-09-16,9H 24M 0S,2018-09-16T14:24:00Z,402,49.909703,-95.021429,Low,batch_3,2018-09-27,30/9/2018 15:30,compound_2,27.682277797384618
TR_073,site_a,16,9,2018,9,24,TB,2018-09-16,9H 24M 0S,2018-09-16T14:24:00Z,402,49.909703,-95.021429,Low,batch_3,2018-09-27,30/9/2018 15:30,compound_3,28.307885323265282
TR_073,site_a,16,9,2018,9,24,TB,2018-09-16,9H 24M 0S,2018-09-16T14:24:00Z,402,49.909703,-95.021429,Low,batch_3,2018-09-27,30/9/2018 15:30,compound_4,30.68406381036025
TR_073,site_a,16,9,2018,9,24,TB,2018-09-16,9H 24M 0S,2018-09-16T14:24:00Z,402,49.909703,-95.021429,Low,batch_3,2018-09-27,30/9/2018 15:30,compound_5,14.216094839816687
TR_074,site_b,4,9,2018,12,26,JLR,2018-09-04,12H 26M 0S,2018-09-04T17:26:00Z,456,49.913267,-94.987348,Low,batch_3,2018-09-27,30/9/2018 15:30,compound_1,18.093424979472935
TR_074,site_b,4,9,2018,12,26,JLR,2018-09-04,12H 26M 0S,2018-09-04T17:26:00Z,456,49.913267,-94.987348,Low,batch_3,2018-09-27,30/9/2018 15:30,compound_2,10.023539337557166
TR_074,site_b,4,9,2018,12,26,JLR,2018-09-04,12H 26M 0S,2018-09-04T17:26:00Z,456,49.913267,-94.987348,Low,batch_3,2018-09-27,30/9/2018 15:30,compound_3,28.032955553713578
TR_074,site_b,4,9,2018,12,26,JLR,2018-09-04,12H 26M 0S,2018-09-04T17:26:00Z,456,49.913267,-94.987348,Low,batch_3,2018-09-27,30/9/2018 15:30,compound_4,24.239077790732107
TR_074,site_b,4,9,2018,12,26,JLR,2018-09-04,12H 26M 0S,2018-09-04T17:26:00Z,456,49.913267,-94.987348,Low,batch_3,2018-09-27,30/9/2018 15:30,compound_5,13.71357708133809
TR_075,site_c,10,9,2018,11,36,TB,2018-09-10,11H 36M 0S,2018-09-10T16:36:00Z,437,49.900346,-94.820267,Low,batch_3,2018-09-27,30/9/2018 15:30,compound_1,18.215518380557842
TR_075,site_c,10,9,2018,11,36,TB,2018-09-10,11H 36M 0S,2018-09-10T16:36:00Z,437,49.900346,-94.820267,Low,batch_3,2018-09-27,30/9/2018 15:30,compound_2,9.393423354015365
TR_075,site_c,10,9,2018,11,36,TB,2018-09-10,11H 36M 0S,2018-09-10T16:36:00Z,437,49.900346,-94.820267,Low,batch_3,2018-09-27,30/9/2018 15:30,compound_3,27.60299030863121
TR_075,site_c,10,9,2018,11,36,TB,2018-09-10,11H 36M 0S,2018-09-10T16:36:00Z,437,49.900346,-94.820267,Low,batch_3,2018-09-27,30/9/2018 15:30,compound_4,28.749414860737463
TR_075,site_c,10,9,2018,11,36,TB,2018-09-10,11H 36M 0S,2018-09-10T16:36:00Z,437,49.900346,-94.820267,Low,batch_3,2018-09-27,30/9/2018 15:30,compound_5,14.359122801253651
TR_076,site_d,17,9,2018,12,33,JS,2018-09-17,12H 33M 0S,2018-09-17T17:33:00Z,487,49.908709,-94.319547,Medium,batch_3,2018-09-27,30/9/2018 15:30,compound_1,9.427162956728278
TR_076,site_d,17,9,2018,12,33,JS,2018-09-17,12H 33M 0S,2018-09-17T17:33:00Z,487,49.908709,-94.319547,Medium,batch_3,2018-09-27,30/9/2018 15:30,compound_2,4.949427958717109
TR_076,site_d,17,9,2018,12,33,JS,2018-09-17,12H 33M 0S,2018-09-17T17:33:00Z,487,49.908709,-94.319547,Medium,batch_3,2018-09-27,30/9/2018 15:30,compound_3,12.914172623435771
TR_076,site_d,17,9,2018,12,33,JS,2018-09-17,12H 33M 0S,2018-09-17T17:33:00Z,487,49.908709,-94.319547,Medium,batch_3,2018-09-27,30/9/2018 15:30,compound_4,14.924691075217428
TR_076,site_d,17,9,2018,12,33,JS,2018-09-17,12H 33M 0S,2018-09-17T17:33:00Z,487,49.908709,-94.319547,Medium,batch_3,2018-09-27,30/9/2018 15:30,compound_5,7.123455037148676
TR_077,site_e,13,9,2018,10,33,TB,2018-09-13,10H 33M 0S,2018-09-13T15:33:00Z,459,49.904971,-94.483031,Medium,batch_3,2018-09-27,30/9/2018 15:30,compound_1,9.71430350478703
TR_077,site_e,13,9,2018,10,33,TB,2018-09-13,10H 33M 0S,2018-09-13T15:33:00Z,459,49.904971,-94.483031,Medium,batch_3,2018-09-27,30/9/2018 15:30,compound_2,3.3314154649445316
TR_077,site_e,13,9,2018,10,33,TB,2018-09-13,10H 33M 0S,2018-09-13T15:33:00Z,459,49.904971,-94.483031,Medium,batch_3,2018-09-27,30/9/2018 15:30,compound_3,12.91665742292345
TR_077,site_e,13,9,2018,10,33,TB,2018-09-13,10H 33M 0S,2018-09-13T15:33:00Z,459,49.904971,-94.483031,Medium,batch_3,2018-09-27,30/9/2018 15:30,compound_4,13.536956594447906
TR_077,site_e,13,9,2018,10,33,TB,2018-09-13,10H 33M 0S,2018-09-13T15:33:00Z,459,49.904971,-94.483031,Medium,batch_3,2018-09-27,30/9/2018 15:30,compound_5,6.869631817888335
TR_078,site_f,10,9,2018,12,32,TB,2018-09-10,12H 32M 0S,2018-09-10T17:32:00Z,446,49.905873,-94.17035,Medium,batch_3,2018-09-27,30/9/2018 15:30,compound_1,9.22742514408329
TR_078,site_f,10,9,2018,12,32,TB,2018-09-10,12H 32M 0S,2018-09-10T17:32:00Z,446,49.905873,-94.17035,Medium,batch_3,2018-09-27,30/9/2018 15:30,compound_2,3.967209649662919
TR_078,site_f,10,9,2018,12,32,TB,2018-09-10,12H 32M 0S,2018-09-10T17:32:00Z,446,49.905873,-94.17035,Medium,batch_3,2018-09-27,30/9/2018 15:30,compound_3,12.874888406444908
TR_078,site_f,10,9,2018,12,32,TB,2018-09-10,12H 32M 0S,2018-09-10T17:32:00Z,446,49.905873,-94.17035,Medium,batch_3,2018-09-27,30/9/2018 15:30,compound_4,15.078097889756927
TR_078,site_f,10,9,2018,12,32,TB,2018-09-10,12H 32M 0S,2018-09-10T17:32:00Z,446,49.905873,-94.17035,Medium,batch_3,2018-09-27,30/9/2018 15:30,compound_5,7.532638136487217
TR_079,site_g,16,9,2018,9,35,TB,2018-09-16,9H 35M 0S,2018-09-16T14:35:00Z,426,49.903229,-95.273824,High,batch_3,2018-09-27,30/9/2018 15:30,compound_1,3.1613539678515137
TR_079,site_g,16,9,2018,9,35,TB,2018-09-16,9H 35M 0S,2018-09-16T14:35:00Z,426,49.903229,-95.273824,High,batch_3,2018-09-27,30/9/2018 15:30,compound_2,2.182993319448653
TR_079,site_g,16,9,2018,9,35,TB,2018-09-16,9H 35M 0S,2018-09-16T14:35:00Z,426,49.903229,-95.273824,High,batch_3,2018-09-27,30/9/2018 15:30,compound_3,0.3038399356730853
TR_079,site_g,16,9,2018,9,35,TB,2018-09-16,9H 35M 0S,2018-09-16T14:35:00Z,426,49.903229,-95.273824,High,batch_3,2018-09-27,30/9/2018 15:30,compound_4,1.9715396549782114
TR_079,site_g,16,9,2018,9,35,TB,2018-09-16,9H 35M 0S,2018-09-16T14:35:00Z,426,49.903229,-95.273824,High,batch_3,2018-09-27,30/9/2018 15:30,compound_5,4.010131675225856
TR_080,site_h,15,9,2018,9,26,JS,2018-09-15,9H 26M 0S,2018-09-15T14:26:00Z,438,49.895662,-94.767816,High,batch_3,2018-09-27,30/9/2018 15:30,compound_1,3.205940111568538
TR_080,site_h,15,9,2018,9,26,JS,2018-09-15,9H 26M 0S,2018-09-15T14:26:00Z,438,49.895662,-94.767816,High,batch_3,2018-09-27,30/9/2018 15:30,compound_2,2.400703659174184
TR_080,site_h,15,9,2018,9,26,JS,2018-09-15,9H 26M 0S,2018-09-15T14:26:00Z,438,49.895662,-94.767816,High,batch_3,2018-09-27,30/9/2018 15:30,compound_3,0.30825615299953624
TR_080,site_h,15,9,2018,9,26,JS,2018-09-15,9H 26M 0S,2018-09-15T14:26:00Z,438,49.895662,-94.767816,High,batch_3,2018-09-27,30/9/2018 15:30,compound_4,2.1070740324680792
TR_080,site_h,15,9,2018,9,26,JS,2018-09-15,9H 26M 0S,2018-09-15T14:26:00Z,438,49.895662,-94.767816,High,batch_3,2018-09-27,30/9/2018 15:30,compound_5,3.6003693655639823
TR_081,site_i,20,9,2018,11,29,JLR,2018-09-20,11H 29M 0S,2018-09-20T16:29:00Z,480,49.901893,-94.130647,High,batch_3,2018-09-27,30/9/2018 15:30,compound_1,3.25354640802691
TR_081,site_i,20,9,2018,11,29,JLR,2018-09-20,11H 29M 0S,2018-09-20T16:29:00Z,480,49.901893,-94.130647,High,batch_3,2018-09-27,30/9/2018 15:30,compound_2,2.135413765507614
TR_081,site_i,20,9,2018,11,29,JLR,2018-09-20,11H 29M 0S,2018-09-20T16:29:00Z,480,49.901893,-94.130647,High,batch_3,2018-09-27,30/9/2018 15:30,compound_3,0.3067096381739169
TR_081,site_i,20,9,2018,11,29,JLR,2018-09-20,11H 29M 0S,2018-09-20T16:29:00Z,480,49.901893,-94.130647,High,batch_3,2018-09-27,30/9/2018 15:30,compound_4,2.160599533100883
TR_081,site_i,20,9,2018,11,29,JLR,2018-09-20,11H 29M 0S,2018-09-20T16:29:00Z,480,49.901893,-94.130647,High,batch_3,2018-09-27,30/9/2018 15:30,compound_5,4.055229028587803
TR_082,site_a,13,10,2018,12,25,JLR,2018-10-13,12H 25M 0S,2018-10-13T17:25:00Z,402,49.909703,-95.021429,Low,batch_4,2018-10-27,30/12/2018 15:30,compound_1,17.844555286347294
TR_082,site_a,13,10,2018,12,25,JLR,2018-10-13,12H 25M 0S,2018-10-13T17:25:00Z,402,49.909703,-95.021429,Low,batch_4,2018-10-27,30/12/2018 15:30,compound_2,8.78535622634817
TR_082,site_a,13,10,2018,12,25,JLR,2018-10-13,12H 25M 0S,2018-10-13T17:25:00Z,402,49.909703,-95.021429,Low,batch_4,2018-10-27,30/12/2018 15:30,compound_3,26.589944053309075
TR_082,site_a,13,10,2018,12,25,JLR,2018-10-13,12H 25M 0S,2018-10-13T17:25:00Z,402,49.909703,-95.021429,Low,batch_4,2018-10-27,30/12/2018 15:30,compound_4,27.22909637448943
TR_082,site_a,13,10,2018,12,25,JLR,2018-10-13,12H 25M 0S,2018-10-13T17:25:00Z,402,49.909703,-95.021429,Low,batch_4,2018-10-27,30/12/2018 15:30,compound_5,15.483562319565031
TR_083,site_b,11,10,2018,11,33,TB,2018-10-11,11H 33M 0S,2018-10-11T16:33:00Z,456,49.913267,-94.987348,Low,batch_4,2018-10-27,30/12/2018 15:30,compound_1,16.39815931937465
TR_083,site_b,11,10,2018,11,33,TB,2018-10-11,11H 33M 0S,2018-10-11T16:33:00Z,456,49.913267,-94.987348,Low,batch_4,2018-10-27,30/12/2018 15:30,compound_2,11.76374740805096
TR_083,site_b,11,10,2018,11,33,TB,2018-10-11,11H 33M 0S,2018-10-11T16:33:00Z,456,49.913267,-94.987348,Low,batch_4,2018-10-27,30/12/2018 15:30,compound_3,27.645608829506497
TR_083,site_b,11,10,2018,11,33,TB,2018-10-11,11H 33M 0S,2018-10-11T16:33:00Z,456,49.913267,-94.987348,Low,batch_4,2018-10-27,30/12/2018 15:30,compound_4,26.147819314171993
TR_083,site_b,11,10,2018,11,33,TB,2018-10-11,11H 33M 0S,2018-10-11T16:33:00Z,456,49.913267,-94.987348,Low,batch_4,2018-10-27,30/12/2018 15:30,compound_5,14.52851261094944
TR_084,site_c,15,10,2018,13,25,JS,2018-10-15,13H 25M 0S,2018-10-15T18:25:00Z,437,49.900346,-94.820267,Low,batch_4,2018-10-27,30/12/2018 15:30,compound_1,17.020756064156192
TR_084,site_c,15,10,2018,13,25,JS,2018-10-15,13H 25M 0S,2018-10-15T18:25:00Z,437,49.900346,-94.820267,Low,batch_4,2018-10-27,30/12/2018 15:30,compound_2,11.44841277574938
TR_084,site_c,15,10,2018,13,25,JS,2018-10-15,13H 25M 0S,2018-10-15T18:25:00Z,437,49.900346,-94.820267,Low,batch_4,2018-10-27,30/12/2018 15:30,compound_3,27.46769830859079
TR_084,site_c,15,10,2018,13,25,JS,2018-10-15,13H 25M 0S,2018-10-15T18:25:00Z,437,49.900346,-94.820267,Low,batch_4,2018-10-27,30/12/2018 15:30,compound_4,24.423100061146915
TR_084,site_c,15,10,2018,13,25,JS,2018-10-15,13H 25M 0S,2018-10-15T18:25:00Z,437,49.900346,-94.820267,Low,batch_4,2018-10-27,30/12/2018 15:30,compound_5,14.312450617259554
TR_085,site_d,21,10,2018,12,32,TB,2018-10-21,12H 32M 0S,2018-10-21T17:32:00Z,487,49.908709,-94.319547,Medium,batch_4,2018-10-27,30/12/2018 15:30,compound_1,9.011667513187342
TR_085,site_d,21,10,2018,12,32,TB,2018-10-21,12H 32M 0S,2018-10-21T17:32:00Z,487,49.908709,-94.319547,Medium,batch_4,2018-10-27,30/12/2018 15:30,compound_2,6.1161317124335275
TR_085,site_d,21,10,2018,12,32,TB,2018-10-21,12H 32M 0S,2018-10-21T17:32:00Z,487,49.908709,-94.319547,Medium,batch_4,2018-10-27,30/12/2018 15:30,compound_3,12.627900803633441
TR_085,site_d,21,10,2018,12,32,TB,2018-10-21,12H 32M 0S,2018-10-21T17:32:00Z,487,49.908709,-94.319547,Medium,batch_4,2018-10-27,30/12/2018 15:30,compound_4,11.338134894471144
TR_085,site_d,21,10,2018,12,32,TB,2018-10-21,12H 32M 0S,2018-10-21T17:32:00Z,487,49.908709,-94.319547,Medium,batch_4,2018-10-27,30/12/2018 15:30,compound_5,8.46101885041964
TR_086,site_e,13,10,2018,11,29,TB,2018-10-13,11H 29M 0S,2018-10-13T16:29:00Z,459,49.904971,-94.483031,Medium,batch_4,2018-10-27,30/12/2018 15:30,compound_1,8.358798788693354
TR_086,site_e,13,10,2018,11,29,TB,2018-10-13,11H 29M 0S,2018-10-13T16:29:00Z,459,49.904971,-94.483031,Medium,batch_4,2018-10-27,30/12/2018 15:30,compound_2,8.159383581242533
TR_086,site_e,13,10,2018,11,29,TB,2018-10-13,11H 29M 0S,2018-10-13T16:29:00Z,459,49.904971,-94.483031,Medium,batch_4,2018-10-27,30/12/2018 15:30,compound_3,12.6342397440975
TR_086,site_e,13,10,2018,11,29,TB,2018-10-13,11H 29M 0S,2018-10-13T16:29:00Z,459,49.904971,-94.483031,Medium,batch_4,2018-10-27,30/12/2018 15:30,compound_4,11.814237904972318
TR_086,site_e,13,10,2018,11,29,TB,2018-10-13,11H 29M 0S,2018-10-13T16:29:00Z,459,49.904971,-94.483031,Medium,batch_4,2018-10-27,30/12/2018 15:30,compound_5,7.380317928918881
TR_087,site_f,18,10,2018,10,30,TB,2018-10-18,10H 30M 0S,2018-10-18T15:30:00Z,446,49.905873,-94.17035,Medium,batch_4,2018-10-27,30/12/2018 15:30,compound_1,8.91522040345487
TR_087,site_f,18,10,2018,10,30,TB,2018-10-18,10H 30M 0S,2018-10-18T15:30:00Z,446,49.905873,-94.17035,Medium,batch_4,2018-10-27,30/12/2018 15:30,compound_2,8.9049078907574
TR_087,site_f,18,10,2018,10,30,TB,2018-10-18,10H 30M 0S,2018-10-18T15:30:00Z,446,49.905873,-94.17035,Medium,batch_4,2018-10-27,30/12/2018 15:30,compound_3,12.172618662471542
TR_087,site_f,18,10,2018,10,30,TB,2018-10-18,10H 30M 0S,2018-10-18T15:30:00Z,446,49.905873,-94.17035,Medium,batch_4,2018-10-27,30/12/2018 15:30,compound_4,11.322722059811714
TR_087,site_f,18,10,2018,10,30,TB,2018-10-18,10H 30M 0S,2018-10-18T15:30:00Z,446,49.905873,-94.17035,Medium,batch_4,2018-10-27,30/12/2018 15:30,compound_5,8.926200756799268
TR_088,site_g,17,10,2018,12,36,JS,2018-10-17,12H 36M 0S,2018-10-17T17:36:00Z,426,49.903229,-95.273824,High,batch_4,2018-10-27,30/12/2018 15:30,compound_1,3.129575808687873
TR_088,site_g,17,10,2018,12,36,JS,2018-10-17,12H 36M 0S,2018-10-17T17:36:00Z,426,49.903229,-95.273824,High,batch_4,2018-10-27,30/12/2018 15:30,compound_2,4.106122082856414
TR_088,site_g,17,10,2018,12,36,JS,2018-10-17,12H 36M 0S,2018-10-17T17:36:00Z,426,49.903229,-95.273824,High,batch_4,2018-10-27,30/12/2018 15:30,compound_3,0.31101029144839304
TR_088,site_g,17,10,2018,12,36,JS,2018-10-17,12H 36M 0S,2018-10-17T17:36:00Z,426,49.903229,-95.273824,High,batch_4,2018-10-27,30/12/2018 15:30,compound_4,2.3849897890291514
TR_088,site_g,17,10,2018,12,36,JS,2018-10-17,12H 36M 0S,2018-10-17T17:36:00Z,426,49.903229,-95.273824,High,batch_4,2018-10-27,30/12/2018 15:30,compound_5,4.1860740125830045
TR_089,site_h,16,10,2018,12,35,JS,2018-10-16,12H 35M 0S,2018-10-16T17:35:00Z,438,49.895662,-94.767816,High,batch_4,2018-10-27,30/12/2018 15:30,compound_1,3.1308271029742953
TR_089,site_h,16,10,2018,12,35,JS,2018-10-16,12H 35M 0S,2018-10-16T17:35:00Z,438,49.895662,-94.767816,High,batch_4,2018-10-27,30/12/2018 15:30,compound_2,4.815480791576615
TR_089,site_h,16,10,2018,12,35,JS,2018-10-16,12H 35M 0S,2018-10-16T17:35:00Z,438,49.895662,-94.767816,High,batch_4,2018-10-27,30/12/2018 15:30,compound_3,0.30139682617626457
TR_089,site_h,16,10,2018,12,35,JS,2018-10-16,12H 35M 0S,2018-10-16T17:35:00Z,438,49.895662,-94.767816,High,batch_4,2018-10-27,30/12/2018 15:30,compound_4,1.8773356641827466
TR_089,site_h,16,10,2018,12,35,JS,2018-10-16,12H 35M 0S,2018-10-16T17:35:00Z,438,49.895662,-94.767816,High,batch_4,2018-10-27,30/12/2018 15:30,compound_5,4.082796591683869
TR_090,site_i,17,10,2018,13,30,TB,2018-10-17,13H 30M 0S,2018-10-17T18:30:00Z,480,49.901893,-94.130647,High,batch_4,2018-10-27,30/12/2018 15:30,compound_1,2.977651644019094
TR_090,site_i,17,10,2018,13,30,TB,2018-10-17,13H 30M 0S,2018-10-17T18:30:00Z,480,49.901893,-94.130647,High,batch_4,2018-10-27,30/12/2018 15:30,compound_2,5.111741906016684
TR_090,site_i,17,10,2018,13,30,TB,2018-10-17,13H 30M 0S,2018-10-17T18:30:00Z,480,49.901893,-94.130647,High,batch_4,2018-10-27,30/12/2018 15:30,compound_3,0.2924695696567162
TR_090,site_i,17,10,2018,13,30,TB,2018-10-17,13H 30M 0S,2018-10-17T18:30:00Z,480,49.901893,-94.130647,High,batch_4,2018-10-27,30/12/2018 15:30,compound_4,2.1082568459799718
TR_090,site_i,17,10,2018,13,30,TB,2018-10-17,13H 30M 0S,2018-10-17T18:30:00Z,480,49.901893,-94.130647,High,batch_4,2018-10-27,30/12/2018 15:30,compound_5,3.959077361893233
TR_091,site_a,17,11,2018,13,36,TB,2018-11-17,13H 36M 0S,2018-11-17T19:36:00Z,402,49.909703,-95.021429,Low,batch_4,2018-11-27,30/12/2018 15:30,compound_1,13.947667005713706
TR_091,site_a,17,11,2018,13,36,TB,2018-11-17,13H 36M 0S,2018-11-17T19:36:00Z,402,49.909703,-95.021429,Low,batch_4,2018-11-27,30/12/2018 15:30,compound_2,19.080185056683327
TR_091,site_a,17,11,2018,13,36,TB,2018-11-17,13H 36M 0S,2018-11-17T19:36:00Z,402,49.909703,-95.021429,Low,batch_4,2018-11-27,30/12/2018 15:30,compound_3,23.51471375591632
TR_091,site_a,17,11,2018,13,36,TB,2018-11-17,13H 36M 0S,2018-11-17T19:36:00Z,402,49.909703,-95.021429,Low,batch_4,2018-11-27,30/12/2018 15:30,compound_4,23.963788749295617
TR_091,site_a,17,11,2018,13,36,TB,2018-11-17,13H 36M 0S,2018-11-17T19:36:00Z,402,49.909703,-95.021429,Low,batch_4,2018-11-27,30/12/2018 15:30,compound_5,22.689036880674454
TR_092,site_b,12,11,2018,11,33,JS,2018-11-12,11H 33M 0S,2018-11-12T17:33:00Z,456,49.913267,-94.987348,Low,batch_4,2018-11-27,30/12/2018 15:30,compound_1,14.024349667577066
TR_092,site_b,12,11,2018,11,33,JS,2018-11-12,11H 33M 0S,2018-11-12T17:33:00Z,456,49.913267,-94.987348,Low,batch_4,2018-11-27,30/12/2018 15:30,compound_2,24.50403274218668
TR_092,site_b,12,11,2018,11,33,JS,2018-11-12,11H 33M 0S,2018-11-12T17:33:00Z,456,49.913267,-94.987348,Low,batch_4,2018-11-27,30/12/2018 15:30,compound_3,23.862520026583365
TR_092,site_b,12,11,2018,11,33,JS,2018-11-12,11H 33M 0S,2018-11-12T17:33:00Z,456,49.913267,-94.987348,Low,batch_4,2018-11-27,30/12/2018 15:30,compound_4,24.53443633626506
TR_092,site_b,12,11,2018,11,33,JS,2018-11-12,11H 33M 0S,2018-11-12T17:33:00Z,456,49.913267,-94.987348,Low,batch_4,2018-11-27,30/12/2018 15:30,compound_5,23.207654629972048
TR_093,site_c,11,11,2018,11,35,JS,2018-11-11,11H 35M 0S,2018-11-11T17:35:00Z,437,49.900346,-94.820267,Low,batch_4,2018-11-27,30/12/2018 15:30,compound_1,13.50319173849417
TR_093,site_c,11,11,2018,11,35,JS,2018-11-11,11H 35M 0S,2018-11-11T17:35:00Z,437,49.900346,-94.820267,Low,batch_4,2018-11-27,30/12/2018 15:30,compound_2,25.06071402041079
TR_093,site_c,11,11,2018,11,35,JS,2018-11-11,11H 35M 0S,2018-11-11T17:35:00Z,437,49.900346,-94.820267,Low,batch_4,2018-11-27,30/12/2018 15:30,compound_3,23.94511184381399
TR_093,site_c,11,11,2018,11,35,JS,2018-11-11,11H 35M 0S,2018-11-11T17:35:00Z,437,49.900346,-94.820267,Low,batch_4,2018-11-27,30/12/2018 15:30,compound_4,23.08454441196293
TR_093,site_c,11,11,2018,11,35,JS,2018-11-11,11H 35M 0S,2018-11-11T17:35:00Z,437,49.900346,-94.820267,Low,batch_4,2018-11-27,30/12/2018 15:30,compound_5,23.860928262872733
TR_094,site_d,20,11,2018,11,30,JS,2018-11-20,11H 30M 0S,2018-11-20T17:30:00Z,487,49.908709,-94.319547,Medium,batch_4,2018-11-27,30/12/2018 15:30,compound_1,7.175578287790233
TR_094,site_d,20,11,2018,11,30,JS,2018-11-20,11H 30M 0S,2018-11-20T17:30:00Z,487,49.908709,-94.319547,Medium,batch_4,2018-11-27,30/12/2018 15:30,compound_2,12.808950258395303
TR_094,site_d,20,11,2018,11,30,JS,2018-11-20,11H 30M 0S,2018-11-20T17:30:00Z,487,49.908709,-94.319547,Medium,batch_4,2018-11-27,30/12/2018 15:30,compound_3,11.265215144872526
TR_094,site_d,20,11,2018,11,30,JS,2018-11-20,11H 30M 0S,2018-11-20T17:30:00Z,487,49.908709,-94.319547,Medium,batch_4,2018-11-27,30/12/2018 15:30,compound_4,12.058200820202897
TR_094,site_d,20,11,2018,11,30,JS,2018-11-20,11H 30M 0S,2018-11-20T17:30:00Z,487,49.908709,-94.319547,Medium,batch_4,2018-11-27,30/12/2018 15:30,compound_5,12.930465282578576
TR_095,site_e,21,11,2018,9,41,JLR,2018-11-21,9H 41M 0S,2018-11-21T15:41:00Z,459,49.904971,-94.483031,Medium,batch_4,2018-11-27,30/12/2018 15:30,compound_1,7.523316079747796
TR_095,site_e,21,11,2018,9,41,JLR,2018-11-21,9H 41M 0S,2018-11-21T15:41:00Z,459,49.904971,-94.483031,Medium,batch_4,2018-11-27,30/12/2018 15:30,compound_2,13.737842582684147
TR_095,site_e,21,11,2018,9,41,JLR,2018-11-21,9H 41M 0S,2018-11-21T15:41:00Z,459,49.904971,-94.483031,Medium,batch_4,2018-11-27,30/12/2018 15:30,compound_3,11.295636114776086
TR_095,site_e,21,11,2018,9,41,JLR,2018-11-21,9H 41M 0S,2018-11-21T15:41:00Z,459,49.904971,-94.483031,Medium,batch_4,2018-11-27,30/12/2018 15:30,compound_4,11.38198724956921
TR_095,site_e,21,11,2018,9,41,JLR,2018-11-21,9H 41M 0S,2018-11-21T15:41:00Z,459,49.904971,-94.483031,Medium,batch_4,2018-11-27,30/12/2018 15:30,compound_5,13.059042241685777
TR_096,site_f,17,11,2018,12,41,JLR,2018-11-17,12H 41M 0S,2018-11-17T18:41:00Z,446,49.905873,-94.17035,Medium,batch_4,2018-11-27,30/12/2018 15:30,compound_1,7.592094838461077
TR_096,site_f,17,11,2018,12,41,JLR,2018-11-17,12H 41M 0S,2018-11-17T18:41:00Z,446,49.905873,-94.17035,Medium,batch_4,2018-11-27,30/12/2018 15:30,compound_2,13.975661548579378
TR_096,site_f,17,11,2018,12,41,JLR,2018-11-17,12H 41M 0S,2018-11-17T18:41:00Z,446,49.905873,-94.17035,Medium,batch_4,2018-11-27,30/12/2018 15:30,compound_3,10.887704119395284
TR_096,site_f,17,11,2018,12,41,JLR,2018-11-17,12H 41M 0S,2018-11-17T18:41:00Z,446,49.905873,-94.17035,Medium,batch_4,2018-11-27,30/12/2018 15:30,compound_4,12.020580178706274
TR_096,site_f,17,11,2018,12,41,JLR,2018-11-17,12H 41M 0S,2018-11-17T18:41:00Z,446,49.905873,-94.17035,Medium,batch_4,2018-11-27,30/12/2018 15:30,compound_5,11.776432454241329
TR_097,site_g,17,11,2018,12,25,TB,2018-11-17,12H 25M 0S,2018-11-17T18:25:00Z,426,49.903229,-95.273824,High,batch_4,2018-11-27,30/12/2018 15:30,compound_1,2.2997612942998837
TR_097,site_g,17,11,2018,12,25,TB,2018-11-17,12H 25M 0S,2018-11-17T18:25:00Z,426,49.903229,-95.273824,High,batch_4,2018-11-27,30/12/2018 15:30,compound_2,6.676919161076847
TR_097,site_g,17,11,2018,12,25,TB,2018-11-17,12H 25M 0S,2018-11-17T18:25:00Z,426,49.903229,-95.273824,High,batch_4,2018-11-27,30/12/2018 15:30,compound_3,0.2653993316098279
TR_097,site_g,17,11,2018,12,25,TB,2018-11-17,12H 25M 0S,2018-11-17T18:25:00Z,426,49.903229,-95.273824,High,batch_4,2018-11-27,30/12/2018 15:30,compound_4,1.9939760356857512
TR_097,site_g,17,11,2018,12,25,TB,2018-11-17,12H 25M 0S,2018-11-17T18:25:00Z,426,49.903229,-95.273824,High,batch_4,2018-11-27,30/12/2018 15:30,compound_5,6.690132038185391
TR_098,site_h,17,11,2018,12,27,JS,2018-11-17,12H 27M 0S,2018-11-17T18:27:00Z,438,49.895662,-94.767816,High,batch_4,2018-11-27,30/12/2018 15:30,compound_1,2.4461279778793643
TR_098,site_h,17,11,2018,12,27,JS,2018-11-17,12H 27M 0S,2018-11-17T18:27:00Z,438,49.895662,-94.767816,High,batch_4,2018-11-27,30/12/2018 15:30,compound_2,4.581866151145202
TR_098,site_h,17,11,2018,12,27,JS,2018-11-17,12H 27M 0S,2018-11-17T18:27:00Z,438,49.895662,-94.767816,High,batch_4,2018-11-27,30/12/2018 15:30,compound_3,0.26479494659184927
TR_098,site_h,17,11,2018,12,27,JS,2018-11-17,12H 27M 0S,2018-11-17T18:27:00Z,438,49.895662,-94.767816,High,batch_4,2018-11-27,30/12/2018 15:30,compound_4,2.1227948514428787
TR_098,site_h,17,11,2018,12,27,JS,2018-11-17,12H 27M 0S,2018-11-17T18:27:00Z,438,49.895662,-94.767816,High,batch_4,2018-11-27,30/12/2018 15:30,compound_5,6.611261310387775
TR_099,site_i,17,11,2018,14,31,JS,2018-11-17,14H 31M 0S,2018-11-17T20:31:00Z,480,49.901893,-94.130647,High,batch_4,2018-11-27,30/12/2018 15:30,compound_1,2.608026369526116
TR_099,site_i,17,11,2018,14,31,JS,2018-11-17,14H 31M 0S,2018-11-17T20:31:00Z,480,49.901893,-94.130647,High,batch_4,2018-11-27,30/12/2018 15:30,compound_2,4.498442006212672
TR_099,site_i,17,11,2018,14,31,JS,2018-11-17,14H 31M 0S,2018-11-17T20:31:00Z,480,49.901893,-94.130647,High,batch_4,2018-11-27,30/12/2018 15:30,compound_3,0.267463274819528
TR_099,site_i,17,11,2018,14,31,JS,2018-11-17,14H 31M 0S,2018-11-17T20:31:00Z,480,49.901893,-94.130647,High,batch_4,2018-11-27,30/12/2018 15:30,compound_4,1.7263622329521968
TR_099,site_i,17,11,2018,14,31,JS,2018-11-17,14H 31M 0S,2018-11-17T20:31:00Z,480,49.901893,-94.130647,High,batch_4,2018-11-27,30/12/2018 15:30,compound_5,6.422057180864738
TR_100,site_a,21,12,2018,15,33,JLR,2018-12-21,15H 33M 0S,2018-12-21T21:33:00Z,402,49.909703,-95.021429,Low,batch_4,2018-12-27,30/12/2018 15:30,compound_1,9.642229040415337
TR_100,site_a,21,12,2018,15,33,JLR,2018-12-21,15H 33M 0S,2018-12-21T21:33:00Z,402,49.909703,-95.021429,Low,batch_4,2018-12-27,30/12/2018 15:30,compound_2,17.714900227728542
TR_100,site_a,21,12,2018,15,33,JLR,2018-12-21,15H 33M 0S,2018-12-21T21:33:00Z,402,49.909703,-95.021429,Low,batch_4,2018-12-27,30/12/2018 15:30,compound_3,19.529946828066656
TR_100,site_a,21,12,2018,15,33,JLR,2018-12-21,15H 33M 0S,2018-12-21T21:33:00Z,402,49.909703,-95.021429,Low,batch_4,2018-12-27,30/12/2018 15:30,compound_4,27.92624655997805
TR_100,site_a,21,12,2018,15,33,JLR,2018-12-21,15H 33M 0S,2018-12-21T21:33:00Z,402,49.909703,-95.021429,Low,batch_4,2018-12-27,30/12/2018 15:30,compound_5,29.384925359135867
TR_101,site_b,7,12,2018,16,20,TB,2018-12-07,16H 20M 0S,2018-12-07T22:20:00Z,456,49.913267,-94.987348,Low,batch_4,2018-12-27,30/12/2018 15:30,compound_1,9.39040912338845
TR_101,site_b,7,12,2018,16,20,TB,2018-12-07,16H 20M 0S,2018-12-07T22:20:00Z,456,49.913267,-94.987348,Low,batch_4,2018-12-27,30/12/2018 15:30,compound_2,17.23496705134179
TR_101,site_b,7,12,2018,16,20,TB,2018-12-07,16H 20M 0S,2018-12-07T22:20:00Z,456,49.913267,-94.987348,Low,batch_4,2018-12-27,30/12/2018 15:30,compound_3,19.89972657114626
TR_101,site_b,7,12,2018,16,20,TB,2018-12-07,16H 20M 0S,2018-12-07T22:20:00Z,456,49.913267,-94.987348,Low,batch_4,2018-12-27,30/12/2018 15:30,compound_4,26.107684782978545
TR_101,site_b,7,12,2018,16,20,TB,2018-12-07,16H 20M 0S,2018-12-07T22:20:00Z,456,49.913267,-94.987348,Low,batch_4,2018-12-27,30/12/2018 15:30,compound_5,26.941652657147422
TR_102,site_c,12,12,2018,11,34,JLR,2018-12-12,11H 34M 0S,2018-12-12T17:34:00Z,437,49.900346,-94.820267,Low,batch_4,2018-12-27,30/12/2018 15:30,compound_1,9.005846084271107
TR_102,site_c,12,12,2018,11,34,JLR,2018-12-12,11H 34M 0S,2018-12-12T17:34:00Z,437,49.900346,-94.820267,Low,batch_4,2018-12-27,30/12/2018 15:30,compound_2,16.76728713988426
TR_102,site_c,12,12,2018,11,34,JLR,2018-12-12,11H 34M 0S,2018-12-12T17:34:00Z,437,49.900346,-94.820267,Low,batch_4,2018-12-27,30/12/2018 15:30,compound_3,19.861598464325166
TR_102,site_c,12,12,2018,11,34,JLR,2018-12-12,11H 34M 0S,2018-12-12T17:34:00Z,437,49.900346,-94.820267,Low,batch_4,2018-12-27,30/12/2018 15:30,compound_4,25.2121642640244
TR_102,site_c,12,12,2018,11,34,JLR,2018-12-12,11H 34M 0S,2018-12-12T17:34:00Z,437,49.900346,-94.820267,Low,batch_4,2018-12-27,30/12/2018 15:30,compound_5,28.706257907850024
TR_103,site_d,17,12,2018,15,29,TB,2018-12-17,15H 29M 0S,2018-12-17T21:29:00Z,487,49.908709,-94.319547,Medium,batch_4,2018-12-27,30/12/2018 15:30,compound_1,5.814327561275887
TR_103,site_d,17,12,2018,15,29,TB,2018-12-17,15H 29M 0S,2018-12-17T21:29:00Z,487,49.908709,-94.319547,Medium,batch_4,2018-12-27,30/12/2018 15:30,compound_2,8.17321821883025
TR_103,site_d,17,12,2018,15,29,TB,2018-12-17,15H 29M 0S,2018-12-17T21:29:00Z,487,49.908709,-94.319547,Medium,batch_4,2018-12-27,30/12/2018 15:30,compound_3,9.667356789415823
TR_103,site_d,17,12,2018,15,29,TB,2018-12-17,15H 29M 0S,2018-12-17T21:29:00Z,487,49.908709,-94.319547,Medium,batch_4,2018-12-27,30/12/2018 15:30,compound_4,12.528109517371968
TR_103,site_d,17,12,2018,15,29,TB,2018-12-17,15H 29M 0S,2018-12-17T21:29:00Z,487,49.908709,-94.319547,Medium,batch_4,2018-12-27,30/12/2018 15:30,compound_5,14.351177004958881
TR_104,site_e,12,12,2018,13,35,JS,2018-12-12,13H 35M 0S,2018-12-12T19:35:00Z,459,49.904971,-94.483031,Medium,batch_4,2018-12-27,30/12/2018 15:30,compound_1,5.063066924925834
TR_104,site_e,12,12,2018,13,35,JS,2018-12-12,13H 35M 0S,2018-12-12T19:35:00Z,459,49.904971,-94.483031,Medium,batch_4,2018-12-27,30/12/2018 15:30,compound_2,6.8912806885586315
TR_104,site_e,12,12,2018,13,35,JS,2018-12-12,13H 35M 0S,2018-12-12T19:35:00Z,459,49.904971,-94.483031,Medium,batch_4,2018-12-27,30/12/2018 15:30,compound_3,9.242188980035946
TR_104,site_e,12,12,2018,13,35,JS,2018-12-12,13H 35M 0S,2018-12-12T19:35:00Z,459,49.904971,-94.483031,Medium,batch_4,2018-12-27,30/12/2018 15:30,compound_4,9.353894265694544
TR_104,site_e,12,12,2018,13,35,JS,2018-12-12,13H 35M 0S,2018-12-12T19:35:00Z,459,49.904971,-94.483031,Medium,batch_4,2018-12-27,30/12/2018 15:30,compound_5,15.016870722850543
TR_105,site_f,15,12,2018,10,20,JS,2018-12-15,10H 20M 0S,2018-12-15T16:20:00Z,446,49.905873,-94.17035,Medium,batch_4,2018-12-27,30/12/2018 15:30,compound_1,5.42380783221483
TR_105,site_f,15,12,2018,10,20,JS,2018-12-15,10H 20M 0S,2018-12-15T16:20:00Z,446,49.905873,-94.17035,Medium,batch_4,2018-12-27,30/12/2018 15:30,compound_2,6.986895789606341
TR_105,site_f,15,12,2018,10,20,JS,2018-12-15,10H 20M 0S,2018-12-15T16:20:00Z,446,49.905873,-94.17035,Medium,batch_4,2018-12-27,30/12/2018 15:30,compound_3,9.070664860275803
TR_105,site_f,15,12,2018,10,20,JS,2018-12-15,10H 20M 0S,2018-12-15T16:20:00Z,446,49.905873,-94.17035,Medium,batch_4,2018-12-27,30/12/2018 15:30,compound_4,13.175143182651077
TR_105,site_f,15,12,2018,10,20,JS,2018-12-15,10H 20M 0S,2018-12-15T16:20:00Z,446,49.905873,-94.17035,Medium,batch_4,2018-12-27,30/12/2018 15:30,compound_5,14.31209290664602
TR_106,site_g,19,12,2018,13,34,TB,2018-12-19,13H 34M 0S,2018-12-19T19:34:00Z,426,49.903229,-95.273824,High,batch_4,2018-12-27,30/12/2018 15:30,compound_1,1.6579926258863698
TR_106,site_g,19,12,2018,13,34,TB,2018-12-19,13H 34M 0S,2018-12-19T19:34:00Z,426,49.903229,-95.273824,High,batch_4,2018-12-27,30/12/2018 15:30,compound_2,3.5722509695029734
TR_106,site_g,19,12,2018,13,34,TB,2018-12-19,13H 34M 0S,2018-12-19T19:34:00Z,426,49.903229,-95.273824,High,batch_4,2018-12-27,30/12/2018 15:30,compound_3,0.229723611125858
TR_106,site_g,19,12,2018,13,34,TB,2018-12-19,13H 34M 0S,2018-12-19T19:34:00Z,426,49.903229,-95.273824,High,batch_4,2018-12-27,30/12/2018 15:30,compound_4,1.9556284665095376
TR_106,site_g,19,12,2018,13,34,TB,2018-12-19,13H 34M 0S,2018-12-19T19:34:00Z,426,49.903229,-95.273824,High,batch_4,2018-12-27,30/12/2018 15:30,compound_5,7.808400455308294
TR_107,site_h,16,12,2018,10,24,JS,2018-12-16,10H 24M 0S,2018-12-16T16:24:00Z,438,49.895662,-94.767816,High,batch_4,2018-12-27,30/12/2018 15:30,compound_1,1.5644804877793494
TR_107,site_h,16,12,2018,10,24,JS,2018-12-16,10H 24M 0S,2018-12-16T16:24:00Z,438,49.895662,-94.767816,High,batch_4,2018-12-27,30/12/2018 15:30,compound_2,2.3749781631301667
TR_107,site_h,16,12,2018,10,24,JS,2018-12-16,10H 24M 0S,2018-12-16T16:24:00Z,438,49.895662,-94.767816,High,batch_4,2018-12-27,30/12/2018 15:30,compound_3,0.21269870759936374
TR_107,site_h,16,12,2018,10,24,JS,2018-12-16,10H 24M 0S,2018-12-16T16:24:00Z,438,49.895662,-94.767816,High,batch_4,2018-12-27,30/12/2018 15:30,compound_4,1.869969584134485
TR_107,site_h,16,12,2018,10,24,JS,2018-12-16,10H 24M 0S,2018-12-16T16:24:00Z,438,49.895662,-94.767816,High,batch_4,2018-12-27,30/12/2018 15:30,compound_5,7.889527383603225
TR_108,site_i,8,12,2018,12,27,JLR,2018-12-08,12H 27M 0S,2018-12-08T18:27:00Z,480,49.901893,-94.130647,High,batch_4,2018-12-27,30/12/2018 15:30,compound_1,1.6551129709960253
TR_108,site_i,8,12,2018,12,27,JLR,2018-12-08,12H 27M 0S,2018-12-08T18:27:00Z,480,49.901893,-94.130647,High,batch_4,2018-12-27,30/12/2018 15:30,compound_2,2.4420176577272783
TR_108,site_i,8,12,2018,12,27,JLR,2018-12-08,12H 27M 0S,2018-12-08T18:27:00Z,480,49.901893,-94.130647,High,batch_4,2018-12-27,30/12/2018 15:30,compound_3,0.22793540365421083
TR_108,site_i,8,12,2018,12,27,JLR,2018-12-08,12H 27M 0S,2018-12-08T18:27:00Z,480,49.901893,-94.130647,High,batch_4,2018-12-27,30/12/2018 15:30,compound_4,1.6142953631327637
TR_108,site_i,8,12,2018,12,27,JLR,2018-12-08,12H 27M 0S,2018-12-08T18:27:00Z,480,49.901893,-94.130647,High,batch_4,2018-12-27,30/12/2018 15:30,compound_5,7.850149289866525
